Price;Open;Close;High;Low;Volume
30,02;29,96;30,02;30,5;29,31;6195355
29,91;30;29,91;30,44;29,72;4698839
29,4;30;29,4;30,08;29,05;5367320
29,87;29,52;29,87;30,08;29,05;5041806
30,26;29,77;30,26;30,74;29,75;6166674
29,51;30,5;29,51;30,69;29,37;5388905
29,14;29,69;29,14;29,78;28,45;7450531
27,87;29,13;27,87;29,4;27,56;6324647
32,25;28,1;32,25;32,4;27,33;27935828
32,83;33,66;32,83;34,45;32,42;20488981
34,19;32,5;34,19;34,54;32,48;11982099
34;34,04;34;34,64;33,59;9216028
35,34;34,25;35,34;35,46;34,16;9745765
35,71;35,58;35,71;36,06;34,95;7036758
36,3;35,45;36,3;36,48;34,68;7899515
34,92;35,57;34,92;36,1;34,71;7711296
33,92;35;33,92;35,58;32,94;8737773
35,68;34,3;35,68;35,8;34,2;6128237
35,05;35,06;35,05;35,82;34,63;5956817
36,57;35,6;36,57;36,96;35,4;8575210
36,28;35,77;36,28;37,2;35,7;6512951
35,42;36,58;35,42;36,98;35,03;6778609
35,75;36;35,75;36,32;35,24;4690883
34,88;35,66;34,88;36,12;33,87;7275952
35,68;35,27;35,68;36,02;35,2;5847953
37,31;36,2;37,31;37,33;35,92;8964054
39,31;37,87;39,31;39,86;37,86;12989286
39,32;39,79;39,32;40,44;38,54;10734472
39,06;39,16;39,06;39,65;38,86;5181313
39,93;38,67;39,93;40,54;38,65;8174049
39,65;39,6;39,65;40,38;39,4;6173462
40,74;41,02;40,74;41,2;40,27;9355871
38,73;40,74;38,73;40,74;38,68;16419899
41,99;43;41,99;43,04;41,25;18022262
41,92;42,24;41,92;42,8;41,84;7828981
43,53;41,72;43,53;43,67;41,66;8303133
49,6;46;49,6;51,84;45,69;32797000
50,6;51,72;50,6;53;49,5;24771194
50,51;52,29;50,51;52,38;49,67;17970707
48,96;50;48,96;50,54;48,51;14612693
50,11;47,36;50,11;50,33;47;13109303
50,97;51,68;50,97;52;50,57;8765392
50,53;51,34;50,53;51,4;50,36;5946736
50,59;50,83;50,59;51,5;49,89;7374719
49,24;50,59;49,24;50,97;48,88;7818465
47,77;48,54;47,77;48,6;47,21;7745751
46,88;47,23;46,88;48,92;46,49;8836349
48,3;46,23;48,3;49,5;46,22;9763911
47,56;48,76;47,56;48,84;46,8;6236325
46,19;47,06;46,19;47,39;45,66;8289733
46,8;47;46,8;47,59;46,1;5912592
48,01;47,39;48,01;48,3;47;6242349
47,17;48,28;47,17;48,31;46,7;5071327
46,98;47,2;46,98;47,85;46,67;3817905
45,78;47,2;45,78;47,24;45,5;8227311
44,03;45,95;44,03;45,98;42,05;11332947
44,09;44,83;44,09;45,41;43,58;7865375
42,59;44,31;42,59;44,52;42,27;6907306
41,46;42,44;41,46;42,72;40,6;9505307
42,47;42,56;42,47;43,34;42,05;9684761
41,69;43,35;41,69;43,35;41,28;8380023
43,39;41,8;43,39;43,63;41,72;7371422
46,06;44;46,06;46,18;43,61;10782251
45,08;46,06;45,08;47,15;44,4;10923734
42,45;45,2;42,45;45,65;42,25;11345618
41,5;41,16;41,5;43,24;40,7;9855478
43,09;42;43,09;43,3;41,28;6889296
43,39;43,4;43,39;43,69;42,18;5157923
40,84;43,36;40,84;43,5;40,76;7211492
40,76;40,15;40,76;41,4;39,72;9071300
39,62;41,52;39,62;41,69;38,88;7703031
38,78;39,82;38,78;39,86;36,86;13667071
39,82;39,4;39,82;40;38,16;7205319
39,62;39,92;39,62;40,46;38,82;5929506
40,88;39,42;40,88;41,24;38,8;5266490
43,73;41,27;43,73;43,87;41;9809333
41,6;43,27;41,6;43,35;41,4;7295609
41,57;42,16;41,57;42,56;40,64;5504768
39,97;40,4;39,97;41,34;39,53;6996658
39,7;40;39,7;40,76;38,1;7041983
41,38;39,64;41,38;41,43;39,11;5787369
41,58;40,72;41,58;41,63;40,26;4443453
41,55;41,42;41,55;42,8;41,14;5444670
42,18;41,72;42,18;42,27;41,3;4091394
43,32;41,89;43,32;43,54;41,7;5152343
41,46;43,32;41,46;43,73;41,37;5636725
40,27;41,93;40,27;42,04;39,45;10179291
35,72;36,45;35,72;38,88;35,6;20056591
36,45;36;36,45;36,68;35,44;8495159
36,93;36,77;36,93;37,44;35,98;7004330
38,03;36,77;38,03;38,27;36,6;7097242
38,12;37,79;38,12;38,7;37,42;5414945
37,72;38;37,72;38,53;37,06;6046139
38,31;37,8;38,31;38,41;37,54;4489312
39,22;38,14;39,22;39,38;38;4571660
39,06;39,39;39,06;39,87;38,61;5553877
39,89;39,2;39,89;39,97;38,96;5290755
40,98;40;40,98;41,38;39,91;6216255
41,46;40,91;41,46;41,55;40,5;4010931
42,31;41,7;42,31;42,77;41,54;5346788
42,05;42;42,05;42,55;41,05;5496278
42,05;42,11;42,05;42,5;41,54;3694596
41,55;42,12;41,55;42,96;41,4;5586068
40,94;41,47;40,94;41,87;40,33;4668115
40,99;40,7;40,99;41,6;40,52;3866182
40,8;40,87;40,8;41,25;40,08;3434502
41,38;40,89;41,38;41,84;40,81;4059285
41,63;41,95;41,63;42,16;41,44;3074900
41,06;41,59;41,06;42;40,84;2813066
40,46;40,89;40,46;41,39;40,31;3522336
40,89;40,3;40,89;41;39,85;3980491
40,7;41,02;40,7;41,98;40,54;5997144
41,28;40,88;41,28;41,36;40,32;3546789
44,92;41,26;44,92;45,1;41,25;13246352
46,33;44,8;46,33;47,11;44,57;13304907
45,42;46,28;45,42;46,34;45,22;6947053
45,56;45,78;45,56;47,06;45,4;8801907
45,92;45,66;45,92;46,26;45,24;4908077
47,44;45,9;47,44;47,8;45,64;7800189
46,5;47,76;46,5;48,38;46,33;8081109
47,38;46,62;47,38;47,51;46,05;5803257
47,12;47,43;47,12;48,08;46,84;5122972
47,81;46,94;47,81;48;46,9;5638787
48,01;47,91;48,01;48,9;47,8;4833602
47,94;48,49;47,94;48,69;47,74;4341242
45,89;48,13;45,89;48,47;45,41;8035072
45,85;46,29;45,85;46,38;44,8;5166716
44,53;45,48;44,53;45,96;44,08;5901080
43,81;43,75;43,81;44,19;42,85;7846165
44,61;44,26;44,61;44,84;43,84;4117729
43,89;43,47;43,89;44,44;43,21;4865246
43,63;44,08;43,63;44,32;43,52;3307113
45,34;44;45,34;45,76;43,09;7208573
43,92;45,35;43,92;45,53;43,62;5732031
43,43;44,42;43,43;44,96;43,36;4051097
43,08;43,23;43,08;44,11;42,72;4650956
44;43,19;44;44,24;43,19;4260618
44,11;43,44;44,11;44,64;43,34;3825251
43,92;44,44;43,92;44,66;43,82;2732485
44,5;43,97;44,5;44,95;43,89;3088731
44,71;44,65;44,71;45,02;44,16;3248410
44,71;44,54;44,71;45,39;44,35;3090383
44,96;44,85;44,96;46,4;44,28;6517611
45;45,32;45;45,66;44,97;3387187
45,78;44,4;45,78;45,92;44,21;4927823
44,66;45,88;44,66;46,28;44,3;7749058
46,65;45,25;46,65;47,5;45,2;11898133
47,7;46,88;47,7;48,1;46,65;5967406
47,7;47,49;47,7;48,6;47,14;5388581
49,79;47,78;49,79;50,28;47,72;9249265
50,48;50;50,48;51,34;49,82;7478926
49,63;50,23;49,63;50,35;49,3;5099061
51,86;51,03;51,86;52,75;51;8101276
51,99;51,62;51,99;52,06;50,92;6390412
52,06;52,4;52,06;53,13;51,92;6932628
52,28;52,5;52,28;52,6;51,71;4126634
52,4;52,38;52,4;52,42;51,7;3867874
51,99;52,65;51,99;53,45;51,95;5849231
51,35;51,77;51,35;51,87;50,32;5340136
51,14;50,9;51,14;51,75;50,6;3027863
50,87;51,3;50,87;51,76;50,65;2919241
51,36;51;51,36;51,39;50,52;2836959
52,51;51,64;52,51;52,74;51,64;4318053
52,35;52,97;52,35;53,1;52,33;3822572
52,65;52,7;52,65;52,85;52,06;2990532
52,77;52,39;52,77;52,9;52,33;2854737
53,94;53,74;53,94;54,4;53,5;6453958
56,82;55,02;56,82;56,98;54,86;9852351
56,24;57,52;56,24;57,6;56,02;6779735
57,21;56,8;57,21;58,28;56,08;8341749
55,48;56,53;55,48;56,58;54,5;11176167
56,42;55,52;56,42;56,98;55,5;5505040
55,7;56,6;55,7;57,1;55,4;4567958
56,22;55,9;56,22;56,28;54,73;3785988
56,06;56,09;56,06;56,96;55,73;3768584
55,84;56,1;55,84;56,48;55,4;3328302
50,77;54,84;50,77;54,88;49,83;16464952
52,15;51,03;52,15;52,49;50,48;8303972
52,28;52,48;52,28;52,94;51,9;5179923
52,76;52,67;52,76;53,12;52,46;3699314
51,86;51,6;51,86;52,29;51,05;6811714
50,01;51;50,01;51,2;48,94;8222963
50,08;49,04;50,08;50,76;49;5660048
50,43;50,22;50,43;50,57;49,41;3754376
49,39;50,5;49,39;50,99;49,22;4843712
49,32;49,65;49,32;49,95;49,21;3798841
49,05;48,8;49,05;49,73;48,28;4854687
48,54;49,39;48,54;49,53;48,02;4248127
48,05;48,44;48,05;48,53;47,13;5946510
50,28;50,04;50,28;50,56;49,07;9002001
51,04;50,61;51,04;51,3;50,21;5408665
52,12;51,83;52,12;52,5;51,56;7719055
51,91;51,69;51,91;52,29;51,15;4491569
51,86;52,04;51,86;52,58;50,53;5062615
51,4;52,44;51,4;53,11;50,88;7361316
47,38;48,93;47,38;49,18;47,04;12898275
44,92;47,72;44,92;47,79;44,2;11276552
45,41;45,65;45,41;46,49;44,6;7112339
45,94;44,02;45,94;46,2;43,46;9151648
45,27;43,92;45,27;45,98;43,82;5404565
45,5;46,68;45,5;46,95;45,31;10551850
46,09;45,34;46,09;46,48;45,1;3499686
47,07;46,86;47,07;47,08;46,16;4130345
46,22;46,64;46,22;47,48;46,11;4123397
47,06;46,93;47,06;47,26;46,4;3499882
47,05;47,27;47,05;47,56;46,24;3466927
44,33;46,85;44,33;46,92;44,06;9553348
48,55;45,92;48,55;48,92;45,65;10516297
47,62;48,24;47,62;48,3;47,13;4967640
47,73;47,6;47,73;48,1;47,01;3228371
48,34;48,5;48,34;48,62;47,75;3775327
48,52;48,61;48,52;49,51;48,26;4207268
47,79;48,1;47,79;48,47;47,31;3682572
46,19;48,27;46,19;48,27;46,11;9045925
48,24;46,94;48,24;49,34;45,7;15354717
48,04;48,45;48,04;48,57;47,44;5161023
48,39;47,83;48,39;48,58;47,36;4577208
50,22;48,45;50,22;50,36;48,4;7952565
49,82;49,92;49,82;50,47;49,12;5870818
50,34;50,11;50,34;51,15;50,05;6236036
51,74;50;51,74;51,77;49,7;6101145
50,8;51,5;50,8;51,8;50,4;4025695
51,54;51,17;51,54;52;51,1;4474294
49,55;50,12;49,55;50,38;49,12;7918486
49,74;49,59;49,74;50,19;49,2;3587220
48,56;50,44;48,56;50,56;48,43;7485059
49,34;49,03;49,34;49,52;48,13;4789708
49,62;49,47;49,62;49,94;49,22;3159804
49,69;49,67;49,69;49,8;49,32;1981819
48,9;49,07;48,9;49,34;48,5;2119688
46,33;48,23;46,33;48,49;45,8;8619351
46,29;46,91;46,29;46,98;45,6;5887046
45,86;45,25;45,86;45,94;45,1;5307733
45,66;45,75;45,66;46,18;45,56;3879208
44,74;45,75;44,74;45,88;44,45;6063619
42,87;44,31;42,87;44,97;42,47;9225619
43,38;41,87;43,38;43,55;40,85;9431502
41,97;42,83;41,97;43,35;41,54;7314139
41,78;42,11;41,78;43,09;41,65;6694398
41,4;40,96;41,4;42,34;40,9;7173782
40,81;41,86;40,81;41,96;40,53;5218252
39,56;40,15;39,56;40,74;39,07;8426105
41,16;38,61;41,16;41,33;38,53;7367834
43,65;42,44;43,65;43,69;42,36;7483349
43,86;44,04;43,86;44,08;42,9;6910461
44,52;44;44,52;44,81;43,65;4806917
44,19;44,75;44,19;44,86;43,9;4513321
44,45;43,95;44,45;44,5;43,85;1333518
45,56;44,3;45,56;45,7;44,3;3327016
45,14;45,4;45,14;45,58;44,8;2811828
44,45;44,8;44,45;45,13;44,28;2903242
44,48;44,6;44,48;45,14;44,45;2402097
43,86;44,53;43,86;44,65;42,65;4764443
42,02;42,9;42,02;43,3;41,43;5368477
42,26;42,01;42,26;42,84;40,84;6261936
42,19;42,68;42,19;42,96;41,96;2968390
42,12;42,56;42,12;42,76;42;3442509
41,33;41,76;41,33;42;40,99;4668295
40,44;40,61;40,44;40,89;39,85;5950280
40,85;40,66;40,85;41,52;40,18;4477320
38,54;37,17;38,54;39,04;37;11551855
38,37;38,9;38,37;39,15;38;5216524
38,61;38,14;38,61;38,9;37,93;3603158
38,39;38,77;38,39;38,82;37,41;4503182
39,31;37,91;39,31;39,74;37,9;4153043
40,32;39,4;40,32;40,65;39,04;4116905
40,26;40,06;40,26;40,7;39,67;3442371
41,31;40,3;41,31;41,72;40,21;3234522
41,2;40,88;41,2;41,61;40,66;2781024
39,87;41,25;39,87;41,27;39,68;3149606
41,04;40,22;41,04;41,2;39,3;3548106
40,72;40,76;40,72;41,49;40,6;3006959
42,19;40,8;42,19;42,39;40,66;4149186
43,67;42,64;43,67;44,07;42,25;4826244
43,71;43,66;43,71;44,3;43,36;3305377
44,2;43,98;44,2;45,1;43,93;3522947
43,47;44,4;43,47;44,68;43,3;3243931
43,5;43,08;43,5;43,59;42,4;3472423
43,26;43,51;43,26;44,1;43;5390542
42,56;42,44;42,56;42,95;41,46;9769102
40,58;38,71;40,58;40,62;38,66;15649607
40,75;40,58;40,75;41,2;40,18;6191003
40,87;40,54;40,87;41,14;40,3;3979647
40,89;40,8;40,89;41,23;40,52;2713598
42,34;41;42,34;42,49;40,75;5154148
43,42;42,15;43,42;43,52;41,96;5982089
41,47;43;41,47;43,64;41,27;8499775
40,82;41,46;40,82;41,46;40,34;6603560
40,75;40,99;40,75;41,43;40,52;3909520
41,44;40,79;41,44;42,22;40,44;6472855
40,67;41,4;40,67;41,71;40,56;3882084
39,47;40,54;39,47;40,67;39,17;7922065
39,91;39,36;39,91;40,05;39,06;4432329
40,49;39,8;40,49;40,5;39,44;4221962
40,13;40,57;40,13;41,24;40,03;4877015
38,78;39,84;38,78;40,15;38,43;6712438
38,18;38,89;38,18;38,9;37,65;6736724
38,06;37,68;38,06;38,7;37,52;5579691
38,75;38,23;38,75;39,24;38,2;4974871
38,21;38,75;38,21;38,89;37,95;4149294
37,74;37,78;37,74;38,35;37,46;5434298
39,14;38,4;39,14;39,18;37,96;5628783
38,95;39,06;38,95;39,74;38,79;4894052
40,14;38,99;40,14;40,18;38,62;4820936
39,13;40,37;39,13;40,92;38,91;8475244
39,62;39,49;39,62;39,8;39,12;4269467
39,93;39,7;39,93;40,1;39,49;2631626
40,34;40,32;40,34;40,76;39,95;3649860
38,86;39,7;38,86;39,72;38,54;5730389
38,08;38,78;38,08;38,96;37,94;4127956
37;37,81;37;37,86;36,28;8604947
38,11;37,17;38,11;38,45;36,36;10089516
37,75;38,71;37,75;38,75;37,68;5026569
37,52;37,74;37,52;38,46;37,21;3794621
38,2;38,05;38,2;38,65;38;5010368
40,62;39,6;40,62;41,55;39,5;12455811
40,65;40,5;40,65;41,01;40,23;4347864
41,53;41,64;41,53;42,18;41,17;6303117
42,02;41,63;42,02;42,07;41,22;3800225
42,18;41,97;42,18;42,33;41,8;4067676
41,96;42,09;41,96;42,6;41,81;3758230
41,49;41,71;41,49;41,9;41,1;3025963
41,57;41,41;41,57;41,92;41,32;1952378
41,34;41,52;41,34;41,83;41,26;1659059
41,36;41;41,36;41,38;40,7;2469926
41,05;41,36;41,05;41,57;40,77;2559251
41,88;41,15;41,88;42,15;40,86;3432541
43,89;42,5;43,89;44,38;42,34;7863037
43,72;43,63;43,72;44,3;43,43;4411184
43,69;44,1;43,69;44,16;43,6;2427843
46,31;44,53;46,31;47,75;44,4;11672627
46,1;46,95;46,1;47,1;45,61;6085379
46,49;46,01;46,49;46,99;45,53;3936077
45,21;46,07;45,21;46,58;45,03;3911857
45,21;45,95;45,21;46,35;44,08;5281689
46,1;45,64;46,1;46,95;45,42;4434596
46,59;47,55;46,59;47,9;45,83;5796873
46,09;46,81;46,09;46,89;45,64;5270933
47,36;44,2;47,36;47,5;44,05;9455909
47,32;47,19;47,32;47,68;46,74;4668236
47,9;47,26;47,9;48,58;47,06;5672262
48,95;48,02;48,95;49,27;47,64;6363429
48,64;49,52;48,64;49,66;48,45;5440165
48,82;48,96;48,82;48,98;48,25;2895936
49,77;48,79;49,77;49,88;48,5;4527563
49,75;49,37;49,75;49,98;49,2;3353212
49,43;49,67;49,43;50,2;49,23;3674231
48,87;49,42;48,87;49,55;48,27;3755569
49,12;48,63;49,12;49,32;48,47;1970643
49,55;49,08;49,55;49,72;49;2223089
49,49;49,54;49,49;50,4;49,3;3498682
49,49;49,7;49,49;49,9;49,11;3408200
50,29;49,4;50,29;50,36;49,01;3647283
50,16;50,17;50,16;50,57;49,89;3789283
49,89;50,25;49,89;50,32;49,49;2505057
49,67;49,76;49,67;49,88;49,26;2134809
49,8;49,6;49,8;50,14;49,4;1781505
49,18;49,5;49,18;49,86;49,14;2453615
49,83;49,23;49,83;49,94;49,14;3022026
51,26;50,15;51,26;51,75;50,06;5016997
51,2;51,1;51,2;51,55;50,83;2611146
50,14;50,38;50,14;50,8;49,7;3454453
50,28;50,65;50,28;50,87;50,09;2044058
50,14;50,04;50,14;50,69;50,04;1422335
50,08;49,94;50,08;50,26;49,2;2186175
50,62;50,03;50,62;50,69;49,82;1984678
52,08;50,43;52,08;52,87;50,4;5512920
52,38;52,37;52,38;52,69;52;2782703
52,5;52,44;52,5;52,76;52,02;2463013
51,96;52,43;51,96;52,88;51,14;4561079
53,53;52,06;53,53;53,6;51,71;3870818
53,03;53,4;53,03;53,47;52,74;2412293
53,76;53,3;53,76;54,28;53,05;2849204
53,42;53,82;53,42;53,82;53,2;3838434
52,4;52,39;52,4;53,19;52,14;3478909
53,65;52,96;53,65;54,18;52,8;3086935
53,83;54,23;53,83;54,52;53,57;2101224
56;56,04;56;56,49;54,66;7163930
55,94;55,78;55,94;56,34;55,26;4121933
53,58;55;53,58;55,04;52,15;6105126
50,99;51,86;50,99;52,16;50,86;6221077
51,58;51,82;51,58;52,59;51,36;3334077
51,83;52,44;51,83;52,6;51,56;2610858
52,43;52,45;52,43;52,51;51,21;2960319
53,13;52,42;53,13;53,2;52,1;1907641
52,63;53,35;52,63;53,5;52,42;2021621
53,34;52,84;53,34;53,44;52,63;1615961
54,93;54,5;54,93;55,11;53,65;5004099
56,45;55;56,45;57,33;54,51;4978454
53,35;54,01;53,35;54,7;53,31;6108686
53,57;52,25;53,57;53,89;52,17;3104960
53,44;53,93;53,44;53,98;53,05;2227239
53,08;53,48;53,08;54,22;52,78;2836498
50,6;52,49;50,6;52,89;50,16;4694192
52,96;51,15;52,96;53,08;50,37;3895808
52,76;52,85;52,76;53,58;52,4;2790095
53,36;52,54;53,36;53,39;52,42;2034560
53,23;53,52;53,23;53,87;53,02;2222552
52;53,26;52;53,34;51,41;2553474
53,26;52;53,26;53,34;51,67;2352530
54,03;52,72;54,03;54,2;52,08;6214319
49,23;49,91;49,23;51;47,22;14623754
48,5;48,72;48,5;48,75;47,68;5073390
48,23;47,63;48,23;48,59;47,21;4185860
47,47;47,43;47,47;47,86;46,89;4264939
47,63;47;47,63;47,95;46,55;3739157
48,5;47,97;48,5;49,3;47,82;4689182
48,63;49,45;48,63;49,59;48,35;4364810
51;51,11;51;51,32;50,1;7176690
52,14;51,08;52,14;52,19;50,71;4195035
51,05;52,07;51,05;52,13;51;3604282
48,44;50,41;48,44;50,91;48,38;4905757
46,15;47,2;46,15;48,76;46,1;6590234
43,77;40,56;43,77;46,28;39;9581585
44,01;46,1;44,01;46,18;43,82;4327294
44,97;45,59;44,97;45,6;43,1;4963042
48,6;46,2;48,6;48,95;46,16;7655959
49,7;48,37;49,7;50,29;48,31;5513673
49,81;49,12;49,81;50,99;49,1;4700232
47,73;48,07;47,73;49,2;47,39;5454765
49,54;49,06;49,54;49,58;47,96;4629174
49,11;50,41;49,11;50,42;49;4194772
48,39;48,18;48,39;48,82;47,64;3689153
49,63;49,01;49,63;49,83;48,81;3138231
49,78;50,41;49,78;50,85;49,66;3390788
49,7;49,45;49,7;50,14;49,07;2709024
50,05;49,53;50,05;50,05;48,95;2350844
50,64;50,22;50,64;50,85;49,93;2890851
50,71;50,55;50,71;50,92;49,9;2933466
52,45;50,61;52,45;52,58;50,58;4417081
52,41;52,79;52,41;53,1;52,14;3585812
52,12;51,59;52,12;52,76;51,5;3763064
52,84;52,8;52,84;54,31;51,16;6120155
52,19;51,81;52,19;52,53;51,17;3664353
52,21;52,39;52,21;52,42;51,52;2600778
52,62;51,91;52,62;52,69;51,24;3448191
51,38;53,32;51,38;53,38;51,23;3773392
49,69;51,47;49,69;51,96;49,32;4901057
49,33;50,09;49,33;50,95;49,09;3703154
49,68;50,4;49,68;50,48;48,47;4929582
47,98;49,5;47,98;49,7;47,43;4572964
49,51;47,12;49,51;49,54;46,99;4423982
49,23;49,77;49,23;49,97;48,83;3689865
48,29;48;48,29;48,61;47,12;5235897
46,39;47,33;46,39;47,54;45,82;6813959
45,34;46,02;45,34;46,14;44,26;6133216
44,14;44,19;44,14;44,87;43,67;6158370
43,12;44,6;43,12;44,6;43,05;3836303
43,85;42,66;43,85;44,5;42,23;5171535
43,38;44,13;43,38;44,19;43,09;3104446
44,26;43,29;44,26;44,35;42,74;2844233
45,4;44,61;45,4;46,1;44,57;4334493
45,62;45,3;45,62;46,23;44,99;2507895
42,61;45,54;42,61;45,72;40,4;14900047
42,02;42,4;42,02;42,96;41,76;4183471
42,34;42,31;42,34;43,15;41,88;2825159
41,82;43;41,82;43,07;41,54;4235462
43,05;42,28;43,05;43,18;42;3391438
42,07;42,97;42,07;43,42;41,5;3519449
42,59;42,26;42,59;42,69;41,66;2728593
42,33;42,35;42,33;42,75;42,13;1805032
41,39;42,08;41,39;42,33;40,78;4438901
42,76;41,78;42,76;43,16;41,44;3927944
41,67;42,77;41,67;42,89;41,55;8332486
46,33;45,4;46,33;46,55;45,04;12726366
46,35;46,12;46,35;46,92;45,84;4496843
46,47;46,14;46,47;46,67;45,9;2445293
45,07;46,6;45,07;46,6;44,86;3850860
43,3;44,7;43,3;44,74;43,22;4617007
43,82;43,55;43,82;43,9;42,73;3347806
42,59;43,57;42,59;43,8;42,53;2915900
41,44;42,59;41,44;42,6;41,3;3430327
42,86;41,22;42,86;43;41,16;2925395
42,8;43,04;42,8;43,2;42,28;2148679
44,21;42,9;44,21;44,28;42,5;2811900
44,36;44,11;44,36;45,24;44,06;2504375
44;44,7;44;45;42,72;4400722
43,55;43,47;43,55;43,84;42,94;2526199
43,65;43,07;43,65;44,2;43;2480293
45,93;44,27;45,93;46,17;44,08;3990779
46,32;46,21;46,32;46,45;45,4;1949353
46,05;46,36;46,05;46,86;45,82;2659813
47,44;46,21;47,44;47,6;46,21;3733955
46,4;47,4;46,4;47,72;46,25;2981468
46,54;47,1;46,54;47,49;46;2939564
46,08;46,49;46,08;46,65;45,53;2573603
46,23;45,54;46,23;47,13;45,23;3144223
45,34;45,5;45,34;45,76;44,84;2687636
44,9;45,34;44,9;45,5;44,14;3057753
45,41;44,94;45,41;45,7;44,73;2071692
43,4;45,05;43,4;45,15;43,33;3268726
43,72;43,5;43,72;44,18;42,97;2831518
44,22;44,36;44,22;44,44;43,6;2244424
46,9;44,42;46,9;46,98;44,15;5104341
46,68;46,79;46,68;47,55;45,96;3298638
46,09;46,58;46,09;47,18;45,86;3014170
46,51;46,34;46,51;47,17;46,22;1953174
45,99;47;45,99;47,31;45,93;1961495
45,94;46,44;45,94;46,69;45,63;1554979
46,11;46,11;46,11;46,38;45,66;710277
45,79;46,3;45,79;46,4;45,11;1901304
47,44;46,01;47,44;47,54;45,91;2406290
47,62;47,32;47,62;48,73;47,13;3697921
48;47,7;48;48,69;47,67;2715038
44,68;46,14;44,68;46,28;43,8;6827146
44,69;45,27;44,69;45,38;44;3186752
43,81;44;43,81;44,01;43,2;3779128
43,13;42,84;43,13;43,69;42,73;3554251
42,2;43,57;42,2;44,09;42,15;3628058
41,57;42,8;41,57;42,89;40,6;4091422
41,99;42,32;41,99;42,75;41,06;3091917
40,06;42,4;40,06;42,53;40;4126416
41,24;40,44;41,24;42;38,68;6490741
41;39,79;41;41,01;39,45;5578640
40,94;41,74;40,94;42,09;40,16;4038676
39,74;39,88;39,74;40,26;38,25;5838608
39,99;40,31;39,99;40,65;39;3166159
40,51;40,96;40,51;41,1;39,81;3124055
39,28;40,01;39,28;40,71;39,18;2698739
38,71;39,34;38,71;39,56;37,78;4964180
37,61;38,48;37,61;38,65;37,15;3617221
37,94;38,16;37,94;38,26;36,48;4592754
38,24;37,99;38,24;38,75;37,62;2852289
39,39;37,75;39,39;39,9;36,55;5297639
36,56;38,48;36,56;38,62;36,05;5773637
34,7;36,72;34,7;36,79;34,04;7931362
35,07;34,14;35,07;35,2;33,4;4385366
32,52;34,26;32,52;34,6;31,55;9437591
29,6;31,42;29,6;31,43;29,2;9312988
29,65;28,46;29,65;31,96;28,21;8651648
28,73;30,1;28,73;30,99;28,35;10406513
30,09;30,4;30,09;32,65;29,4;14252364
30,21;31;30,21;31,4;28,74;7235783
31,03;31,74;31,03;32,59;30,82;5593794
33,74;31,8;33,74;33,87;31,34;5825159
33,35;34,48;33,35;34,59;32,95;3887574
33,32;32,73;33,32;33,5;32,5;2959390
35,55;34,02;35,55;35,78;33,97;5060051
35,44;35,23;35,44;36,35;34,74;5984374
35,8;34,55;35,8;35,9;33,57;5395609
37,49;35,73;37,49;37,7;35,04;5750741
38,07;37,74;38,07;38,4;37;6065117
38,39;38,48;38,39;39,27;37,84;4498997
37,27;38,85;37,27;39,19;36,54;6712159
37,67;36,75;37,67;37,7;36,3;4862396
39,15;37,66;39,15;39,48;36,84;4829018
40,21;39,6;40,21;40,81;39,5;6489058
41,06;39,54;41,06;41,94;39,48;5337072
40,52;40,7;40,52;41,5;40,44;4178693
41,74;40,9;41,74;41,87;40,56;3208554
41,04;42;41,04;42,66;40,13;5192523
41,5;41,59;41,5;41,88;41,07;3343077
43,03;42,53;43,03;43,34;42,13;4065706
43,67;42,85;43,67;43,79;42,3;3180452
44,39;43,6;44,39;44,52;43,4;3516703
45,28;44,29;45,28;45,7;44;1094018
46,55;45,82;46,55;46,9;45,61;4711793
47,66;47,07;47,66;47,98;47;5307822
46,85;47,44;46,85;47,8;46,51;4315988
44,52;46,47;44,52;46,95;44,41;4948841
45,55;43,16;45,55;45,78;43;4960900
46,05;46,32;46,05;46,96;45;3925685
46,03;45,98;46,03;46,48;45,07;4014330
45,38;47,02;45,38;47,1;45,3;4032982
45,95;45,87;45,95;47,48;45;8012872
47,52;48,97;47,52;49,58;46,65;15997509
49,4;49,82;49,4;50,42;48,73;13475327
51,09;48,1;51,09;51,31;48;9948699
53,08;50,79;53,08;53,55;50,69;11705479
51,44;53,29;51,44;53,87;50,9;8856171
50,01;52,1;50,01;52,16;49,6;7363935
49,98;50,2;49,98;51,8;49,06;9161693
49,56;49,9;49,56;50,36;48,73;5763208
50,91;49,7;50,91;51,1;49,47;4925595
50,37;50,6;50,37;51,37;50,21;4132185
50,9;50,26;50,9;50,92;49,82;3752366
50,78;50,45;50,78;51,66;50,33;4271362
49,47;50,62;49,47;50,87;48,25;6357526
49,99;49,25;49,99;50,73;48,3;5194051
49,66;49,8;49,66;50,18;49,38;2783059
50,75;49,78;50,75;50,8;49,14;3786327
50,36;50,6;50,36;51,48;50,15;3670348
50,75;50,41;50,75;51,15;49,88;3223839
50,29;50,55;50,29;51;49,88;3205808
49,54;49,97;49,54;50,69;49,49;2518990
48,15;49,63;48,15;49,69;47,56;5413787
48,36;48,3;48,36;48,64;46,96;3843935
46,46;47,47;46,46;47,78;46,32;4302222
44,51;46,06;44,51;46,89;44,08;8700459
42,31;45,69;42,31;45,73;41,96;11254827
42,99;42,17;42,99;43,27;41,62;5685237
41,78;43,14;41,78;43,23;41,36;4776383
41,74;41,51;41,74;41,89;41;4070617
41,79;41,52;41,79;43,1;41,21;5161864
41,46;42,29;41,46;42,33;40,73;3650475
41,52;41,56;41,52;42,24;41,34;2822781
41,66;41,63;41,66;42,63;41,58;2949396
40,93;41,81;40,93;41,96;40,8;2843597
42,23;41,83;42,23;43,06;41,55;5617519
43,04;42,72;43,04;43,36;41,46;6866321
44,06;43,4;44,06;44,11;43,27;9007076
43,24;43,97;43,24;44,52;43,17;5102479
43,58;43,32;43,58;43,75;43,04;3013843
43,92;43,58;43,92;44,27;43,3;3132615
45,02;44,1;45,02;45,05;43,81;4072424
44,61;45;44,61;45,19;44,15;3650272
44,65;44,61;44,65;44,95;44,3;2789002
43,91;44,3;43,91;44,48;43,38;2982695
43,79;43,92;43,79;43,98;43,42;2032832
43,8;44;43,8;44,39;43,6;2228970
44,14;43,6;44,14;44,18;43,09;2249508
46,47;44,45;46,47;46,89;44,3;6213573
47,1;46,76;47,1;48,17;46,52;5971995
45,87;47;45,87;47,07;45,41;4492075
43,76;45,48;43,76;45,59;43,68;6026603
43,57;43,9;43,57;45,15;43,53;4193022
42,99;43,78;42,99;44,44;42,51;3580167
43,54;43,39;43,54;44,38;43,03;2908522
43,59;43,48;43,59;43,61;42,7;2440259
43,09;43,56;43,09;44;42,9;3112620
43,94;43,9;43,94;44,75;43,65;3555471
43,92;44,14;43,92;44,51;43,76;4529005
39,33;39,89;39,33;41,19;39,15;23742414
39,28;39,14;39,28;39,51;38,43;10130748
38,63;38,01;38,63;39,02;37,95;7026516
39,71;38,17;39,71;39,76;37,57;7220323
40,36;40,38;40,36;40,81;39,88;6212422
42,04;41,03;42,04;42,36;40,6;5994908
42,46;42,59;42,46;42,7;41,8;4843111
43,3;41,23;43,3;43,65;41,2;5399951
42,8;41,95;42,8;42,91;41,6;5175345
42,89;42;42,89;43,05;41,8;4919855
43,19;42,62;43,19;43,62;42,6;3612022
43,36;43,56;43,36;43,96;42,9;4074785
44,96;43,99;44,96;45,36;43,9;5429823
44,93;44,82;44,93;45,5;44,64;4576165
44,51;45,1;44,51;45,12;44,06;3567062
44,31;44,62;44,31;44,99;44,21;2675834
44,08;44,5;44,08;44,55;43,93;2234247
45,25;43,93;45,25;45,42;43,66;3412055
45,05;45;45,05;45,82;44,95;3115065
45,67;45,29;45,67;45,96;45;2568498
44,1;45,2;44,1;45,57;43,82;4428651
44,45;44,4;44,45;44,9;43,78;2579692
46;44,45;46;46,28;44,27;4490683
45,9;45,54;45,9;46;45,06;3430042
45,7;45,87;45,7;46,67;45,38;2889007
46,12;45,59;46,12;46,15;45,32;2419059
46,96;46,14;46,96;47,06;46,05;3070813
46;47,1;46;47,33;45,88;4016284
45,44;45,87;45,44;45,97;44,28;3934432
45,16;45,47;45,16;45,94;44,84;3887759
46,12;45,14;46,12;46,17;44,41;4146997
46,01;46;46,01;46,4;45,48;3205215
45,23;45,6;45,23;45,92;45,22;2263584
45,82;45,36;45,82;46,31;45,33;2207833
45,13;45,65;45,13;45,97;44,92;2338301
44,98;45,23;44,98;45,51;44,68;1880936
45,12;45,08;45,12;45,33;44,81;1813540
45,12;45,2;45,12;45,9;44,99;2034328
44,72;45,1;44,72;45,44;44,68;2267147
44,65;44,87;44,65;44,97;44,56;1787127
44,7;44,76;44,7;45,13;44,46;1714467
45;44,71;45;45,03;44,51;1659530
44,59;44,83;44,59;45,02;44,54;2065493
44,97;44,86;44,97;45,7;44,56;4784418
44,52;45,41;44,52;45,43;44,44;2570693
44,19;44,62;44,19;44,76;44,15;1762519
44;44,43;44;44,57;43,76;2238992
43,04;44,03;43,04;44,08;43;3266334
42,27;43,22;42,27;43,22;42,1;3168862
42,4;42,09;42,4;42,52;41,73;3276548
40,15;41,8;40,15;42,22;40,1;7943138
39,56;40,47;39,56;40,64;39,24;5977413
40,57;39,8;40,57;40,65;39,8;4390572
40,34;41,1;40,34;41,3;40,14;3640923
39,47;39,91;39,47;39,98;39,27;3377946
38,89;39,82;38,89;39,98;38,74;3756992
39,66;39;39,66;40,27;38,82;3715161
39,21;39,41;39,21;39,7;38,69;3589379
39,28;39,15;39,28;39,58;38,97;2259231
40,08;39,3;40,08;40,5;39,28;3085115
41,08;40,08;41,08;41,14;39,8;3107808
41,27;41,4;41,27;41,89;41;2299498
40,93;41,37;40,93;41,55;40,78;2410488
41,04;41,27;41,04;41,4;40,31;2633503
41,29;41,28;41,29;41,46;40,6;2382902
41,49;41,2;41,49;42,04;41,13;2905229
41,8;41,3;41,8;42,2;41,3;2394358
41,16;41,93;41,16;42;40,92;3373180
41,25;41,5;41,25;41,65;41,05;2088374
40,14;41,12;40,14;41,47;40,12;2727029
40,81;40,44;40,81;41;39,91;2586273
42,74;42,46;42,74;43,13;41,65;5999892
42,28;42,62;42,28;42,66;41,76;3541481
41,69;42,45;41,69;42,63;41,62;1877534
40,2;40,49;40,2;40,84;40,04;4703402
39,32;40,2;39,32;40,26;39,16;3493018
40,19;40,27;40,19;40,83;39,93;3316297
40,02;40,37;40,02;40,44;39,66;2328422
40,3;40,19;40,3;40,78;40,08;1970689
40,05;40,1;40,05;40,18;39,41;2495413
39,3;40,13;39,3;40,29;39,26;4269850
38,79;39,41;38,79;39,68;38,4;4554080
39,82;39,2;39,82;39,89;38,65;5680475
40,71;39,95;40,71;41,33;39,61;6991183
39,82;40,42;39,82;40,6;39,41;5072877
40,02;39,72;40,02;40,31;39,48;2943402
40,55;40,2;40,55;40,79;40,05;2751562
40,47;40,58;40,47;40,94;40,24;2445014
40,45;40,2;40,45;40,64;40,02;5632841
40,8;42,27;40,8;42,74;40,33;13093744
39,99;40,8;39,99;41,06;39,97;4280141
39,55;40,5;39,55;40,5;39,16;4692273
38,16;39,61;38,16;39,7;37,62;7060036
37,6;38,01;37,6;38,54;37,5;4253382
37,48;37,8;37,48;38,29;37,41;2653023
38,11;37,8;38,11;38,69;37,19;5146043
38,64;38,72;38,64;38,86;38,01;3870112
38,99;38,76;38,99;39,5;38,25;3267580
38,01;37,38;38,01;38,4;36,79;8173065
37,07;38,21;37,07;38,32;36,08;6750341
37,71;36,85;37,71;37,78;36,6;3988504
36,29;37,6;36,29;37,65;35,64;6552205
36,75;36,56;36,75;37,29;36,41;3902018
36,79;36,53;36,79;36,95;36,24;3434437
37,73;36,7;37,73;37,9;36,42;4887067
37;38,13;37;38,6;37;5210347
36,9;37,01;36,9;37,78;36,88;4361043
38,23;37,17;38,23;38,29;36,74;5603361
38,63;38,12;38,63;39,13;37,8;4891893
39,33;38,73;39,33;39,45;38,73;2366098
39,22;39,1;39,22;39,87;38,91;4529182
37,91;39,11;37,91;39,35;37,9;4439256
37,88;38,2;37,88;38,38;37,5;3547104
36,38;37,65;36,38;37,71;36,2;5126401
36,29;36,58;36,29;36,98;36;4042324
37,36;36,5;37,36;37,78;36,5;4072239
37,17;37,1;37,17;37,32;36,54;3391622
38,63;37,23;38,63;38,68;37;5461851
38,46;38,41;38,46;38,5;37,91;3194148
38,44;38,17;38,44;38,77;38,16;2722505
38,49;38,56;38,49;38,88;38,21;2438876
39,63;38,64;39,63;40,26;38,6;6823884
39,74;39,75;39,74;40,6;39,35;4150927
39,52;39,68;39,52;40,15;39,48;3219567
40,5;39,62;40,5;40,52;39,52;3796889
40,55;40,5;40,55;40,89;39,97;3488071
41,76;40,61;41,76;41,8;40,5;4689071
41,54;41,69;41,54;42,45;41,48;5207622
41,69;41,64;41,69;42;41,3;3111108
42,67;41,6;42,67;42,69;41,54;4670464
43,91;42,98;43,91;44,45;42,88;5915732
43,95;44,31;43,95;44,76;43,44;3782456
42,94;43,71;42,94;43,84;42,82;4044968
42,74;43,26;42,74;43,5;42,34;4642620
43,4;42,97;43,4;44,07;42,19;5923254
45,4;42,95;45,4;45,6;42,86;11213471
45,35;45,28;45,35;45,5;44,39;5911695
45,8;45,39;45,8;46,06;45,09;5527893
46,26;45,79;46,26;46,38;45,6;3979484
45,97;46,4;45,97;46,4;45,38;3659955
45,95;45,81;45,95;46;45,34;3650825
45,92;45,81;45,92;46,14;45,12;3790229
47,55;46;47,55;47,57;45,92;6092960
47,12;47,34;47,12;47,99;46,87;4617522
47,67;47,33;47,67;47,94;47,12;3768967
48,75;49,45;48,75;49,74;48,15;7732303
48,95;49,09;48,95;49,2;48,6;4204275
49,78;49,17;49,78;50,18;49,1;6262938
50,92;50;50,92;50,96;49,93;4965451
50,89;51,46;50,89;51,69;50,36;5146361
50,5;50,86;50,5;51,15;50,15;3152123
50,59;50,28;50,59;50,6;49,7;3166336
50,13;50,51;50,13;51,06;49,42;3801074
50,39;49,85;50,39;51,18;49,54;4116104
49,85;50,61;49,85;50,64;49,81;3958829
50,31;49,67;50,31;50,48;49,54;2499775
50,27;50,38;50,27;50,44;49,94;2186723
51,55;50,2;51,55;51,56;50,13;3562517
51,5;51,64;51,5;52;51,28;4244775
52,42;51,47;52,42;52,67;51,24;3933014
53,84;53,25;53,84;54,24;53,23;7820222
53,85;53,96;53,85;54,19;53,22;3619739
56,12;54,15;56,12;56,16;54,1;7029605
56,2;55,81;56,2;57,48;55,72;7345224
55,95;56;55,95;56,45;55,29;4947856
53,79;55,52;53,79;56;53,7;7077322
54,45;53,16;54,45;54,58;52,83;6257149
55,48;55,09;55,48;56,28;54,8;5676747
54,7;56,06;54,7;56,69;54,52;8754975
51,2;52,8;51,2;52,93;51,11;14915249
51,4;50,53;51,4;51,65;50,04;8171626
49,25;49,63;49,25;49,67;48,4;11460810
50;48,84;50;50,2;48,78;6078145
50;50,84;50;50,97;49,82;4809488
50,1;49,94;50,1;50,66;49,65;3351833
50,31;50,15;50,31;50,38;49,8;2929234
50,24;49,58;50,24;50,34;49,5;3355500
49,72;50,38;49,72;50,78;49,66;3459470
49,37;49,4;49,37;50,01;49,06;3728649
48,98;49,53;48,98;49,73;48,6;3879293
48,74;49,24;48,74;49,3;48,6;3066272
49,23;48,88;49,23;49,37;48,56;3022625
51,6;49,22;51,6;51,62;49,2;7598446
51,15;51,4;51,15;52,2;50,85;5330806
52,41;52,48;52,41;53,15;51,81;7132153
52,3;52,8;52,3;53,07;52,24;6497496
52,38;52,12;52,38;52,91;51,76;3614294
50,14;52,57;50,14;52,96;50,05;6908554
51;50,31;51;51,01;50,1;4059297
50,96;51,08;50,96;51,53;50,66;3320245
52,63;51,14;52,63;52,78;51;5647253
54,04;52,12;54,04;54,11;51,95;6230795
55,49;55,4;55,49;56,14;55;7987604
55,48;55,67;55,48;55,92;55,11;3676157
55,58;55,61;55,58;56,4;55,44;4148426
55,66;55,75;55,66;55,94;55,26;3294640
59,7;57,38;59,7;59,8;56,92;13888618
60,74;59,38;60,74;60,96;58,91;10134556
59;60,41;59;60,98;58,84;7880938
59,74;59,38;59,74;60,39;58,82;5520588
60,51;59,5;60,51;60,54;59,43;4579613
62,48;61,83;62,48;62,75;61,74;7664458
61,74;62,68;61,74;62,69;61,1;5724577
59,37;61,27;59,37;61,69;59,26;6050682
60,8;59,34;60,8;61,48;59,06;9284634
60,29;60,54;60,29;60,8;59,74;4138736
60,05;59,94;60,05;60,17;59,58;3035698
61,1;60,49;61,1;61,32;60,42;3898024
60,5;61,3;60,5;61,83;60,05;6149352
61,12;60,4;61,12;61,28;60,08;4509756
61,61;61,84;61,61;62,11;61,2;5083505
62,76;61,6;62,76;62,8;61,17;6737708
62,03;62,47;62,03;62,9;61,8;4695044
61,73;62,34;61,73;62,62;61,5;3468569
62,81;61,97;62,81;62,96;61,6;4505478
64,57;62,98;64,57;65,45;62,96;8829565
63,78;64,8;63,78;65,53;63,31;5382777
62,2;63,53;62,2;64,31;62,09;7133365
59,09;61,49;59,09;61,55;58,15;14152008
61,67;59,6;61,67;61,71;59,36;8177347
61,44;62,18;61,44;62,76;61,16;7006471
64,25;61,88;64,25;64,4;61,82;9676537
65,04;64,31;65,04;65,1;63,62;5741607
64,62;64,68;64,62;65,2;63,92;4753819
64,96;65,1;64,96;65,4;64,31;4121612
63,18;63,68;63,18;64,04;62,51;7622004
63,4;63,52;63,4;64,01;63,03;4152484
61,22;62,88;61,22;62,93;61,1;6711940
62,61;61,4;62,61;62,79;61,06;5653801
62,17;63,1;62,17;63,3;62,04;4687572
62,07;62,56;62,07;62,87;61,36;4329178
60,77;62,09;60,77;62,15;60,7;4318354
62,04;61,3;62,04;62,2;61,08;5041692
63,37;62,2;63,37;63,39;61,56;5013963
65,03;63,46;65,03;65,1;63,26;7802199
67,02;65,2;67,02;67,26;65,15;7782916
68,2;67,54;68,2;68,58;67,03;9963444
68,07;68,8;68,07;68,98;67,46;7607996
67,97;67,95;67,97;68,58;67,19;5590239
69,46;67,7;69,46;69,69;66,84;6784368
70,57;68,94;70,57;71,9;67,99;11086798
71,93;71,27;71,93;72,1;71,03;9397959
74;72,75;74;74,38;72,04;9061496
71,46;74,88;71,46;75,37;70,96;17261435
71,8;71,6;71,8;72,9;70,12;10517660
75,19;73,52;75,19;75,2;73,32;11807920
76,13;76,22;76,13;76,85;75,26;12818429
75,07;74,5;75,07;75,09;73,3;10426469
74,28;75,6;74,28;75,6;74,02;6730973
73,96;75;73,96;75,34;73,56;6549332
74,45;75,33;74,45;75,78;73,95;7438701
75,28;74,87;75,28;75,4;73,6;4923210
76,52;75,6;76,52;77;74,71;7529778
76,69;76,49;76,69;77,4;75,87;6445758
75,5;77,34;75,5;77,39;74,62;6604099
72,47;75,28;72,47;75,28;72,4;6996399
74,25;73,34;74,25;74,35;72,5;6302463
72,15;74,12;72,15;74,2;70,82;8221038
72,32;72,74;72,32;73,35;71,92;5848521
70,52;74,05;70,52;74,27;70,3;6305401
65,42;69,44;65,42;69,45;65,27;17046701
61,77;63,45;61,77;64,16;61,26;19324495
62,64;62,7;62,64;63,4;61,48;14176915
63,21;62,58;63,21;63,59;60,63;13820889
65,44;63,2;65,44;65,46;62,86;11559402
65,9;66,08;65,9;66,62;64,9;10346127
64,68;66,02;64,68;66,32;63,99;8594466
65,56;64,64;65,56;65,68;64,24;5625211
63,91;65,11;63,91;65,42;62,69;9876912
65,65;63,5;65,65;65,83;63,13;6373720
65,05;65,65;65,05;66,33;64,64;6357014
65,98;65,38;65,98;66,04;64,84;5166188
65,68;65,89;65,68;66,25;65,16;4901606
68,5;66,05;68,5;68,68;66;8637082
67,92;69;67,92;69,12;66,83;6989197
68,77;68,07;68,77;69,1;67,62;4820790
66,89;69,2;66,89;69,5;65,26;8302405
67,01;67,38;67,01;67,92;66,5;4880414
64,69;67,1;64,69;68,3;64,21;8535136
63,91;64,6;63,91;64,89;63,23;8303102
65,18;63,79;65,18;65,42;62,24;13091462
69,42;69,07;69,42;70;68,63;13535033
71,38;69,4;71,38;71,45;68,66;9268909
71,03;71,47;71,03;71,9;70,55;6324480
73,04;71,51;73,04;73,72;71,48;7449837
72,71;72,2;72,71;74;71,79;6892096
71,08;72,32;71,08;73,33;70,93;7092858
71,57;71,39;71,57;72,25;70,72;4365783
72,76;72,93;72,76;73,53;72,52;4519186
72,47;73,04;72,47;73,1;71,87;3085088
72,58;72,6;72,58;73,3;72,5;3413773
70,38;72,24;70,38;72,66;70,32;5027660
69,49;70,58;69,49;70,8;69,16;5408183
67,57;69,16;67,57;69,16;66,37;6495424
68,27;68,23;68,27;68,45;67,47;4321966
70,55;67,8;70,55;70,7;67,66;4954504
70,59;70,5;70,59;71,33;69,95;4584687
69,61;70,85;69,61;71,14;69,46;3483956
69,13;69,46;69,13;69,47;67,94;3763956
69,47;67,9;69,47;69,81;67,75;4073675
70,64;69,93;70,64;70,69;69,4;3412943
71,18;70,71;71,18;71,69;70,56;4072795
71,08;71,22;71,08;71,52;70,74;3049546
69,92;70,76;69,92;71,1;69,18;3848382
68,91;69,9;68,91;70,2;68,31;4091351
70,12;69,2;70,12;70,5;68,69;4239213
68,68;69,8;68,68;69,96;68,46;3263508
72,74;70,27;72,74;72,74;70;7667055
72,55;72,9;72,55;73,75;72,08;5972907
73,25;72,76;73,25;73,61;71,92;4185231
75,53;72,87;75,53;75,59;72,53;7202524
75,96;74,9;75,96;76;74,54;5420496
77;76,05;77;77,92;75,54;7187980
75,02;76;75,02;76,48;74,71;6451886
74,78;74,6;74,78;75,65;74,21;4919052
73,3;74,98;73,3;75,37;72,9;4618190
70,22;73,3;70,22;73,98;70,18;8159418
69;70,63;69;71,49;68,58;7605946
69,05;70,19;69,05;70,25;68,18;7156274
68,19;69,98;68,19;70,3;68,1;6060330
67,92;67,98;67,92;68,55;67,08;5319617
68,22;68,37;68,22;68,94;67,72;5107082
68,31;68,5;68,31;68,74;67,1;5286774
69,63;67,18;69,63;69,71;66,26;10153596
71;70,25;71;71,72;69,92;8163543
71,07;71,2;71,07;71,49;70,27;4171675
71,38;70,62;71,38;72,02;70,45;4297474
68,59;69,93;68,59;70,35;68,53;7493654
71,12;69,36;71,12;71,13;69,11;6978495
70,92;70,78;70,92;71,52;70,23;4500831
71,14;70,59;71,14;71,96;70,53;4087048
71,11;71,4;71,11;71,7;70,74;3540533
70,12;70,75;70,12;70,9;69,43;5375486
71,15;70,18;71,15;71,24;70,01;3293345
71,93;71,19;71,93;72,6;70,83;4939074
70,36;71,11;70,36;71,43;69,64;5061843
69,02;70,54;69,02;70,91;68,87;4930395
67,4;69,98;67,4;69,99;67,25;5747346
67,47;67,76;67,47;68,56;67,23;4491672
65,17;67,34;65,17;67,5;64,71;8594073
65,23;65,56;65,23;66,05;64,64;5023500
64,17;63,95;64,17;64,92;63,33;6979704
64,02;63,84;64,02;64,76;63,45;4254378
66,31;64,05;66,31;66,39;64,04;5672347
64,22;66,45;64,22;66,52;64,05;8457336
59,85;60,03;59,85;61,74;58,53;19791416
61,22;59,9;61,22;61,25;59,03;8893974
60,56;61,4;60,56;61,5;59,8;6486009
61,21;60,2;61,21;61,3;60,01;5294274
60,88;61,1;60,88;61,38;60,26;4725271
60,6;60,5;60,6;60,89;59,26;5447147
60,6;60,5;60,6;61,67;60,37;4625429
63,08;60,03;63,08;63,36;59,82;7584944
61,74;63;61,74;63,27;61,38;5676076
62,26;61,2;62,26;62,5;60,3;5978665
62,5;62,8;62,5;63,63;62,26;5822073
63,01;65,13;63,01;65,33;62,63;13735139
61,75;62,76;61,75;63,1;60,95;8247650
63,56;62,17;63,56;63,65;61,74;7261273
62,52;63,35;62,52;63,48;62,37;4917636
63,11;62,76;63,11;63,28;62,2;3244065
63,36;62,65;63,36;63,47;61,9;4555894
63,51;63,27;63,51;64;62,78;4949491
61,51;63,46;61,51;63,6;60,25;8767398
61,77;61,71;61,77;62,14;60,91;4351587
61,31;61,09;61,31;62,06;61,01;4292868
61,04;61,3;61,04;61,65;60,12;5835140
60,74;60,4;60,74;61,6;60,2;4646520
62,65;60,02;62,65;62,68;60;7195341
62,25;62,4;62,25;63,73;62,21;4780597
63,03;62,92;63,03;63,4;62,25;3468458
65,78;62,93;65,78;65,8;62,75;7937981
68,21;66,09;68,21;68,29;66,01;8733199
67,81;68,19;67,81;68,84;67,3;6221461
67,58;68,2;67,58;69,49;67,38;5799916
68,69;68,41;68,69;68,78;67,15;6933199
67,77;68,98;67,77;69,35;67,52;5476166
66,22;68,05;66,22;68,3;66,06;6824971
65,8;66,54;65,8;66,62;65,01;5953800
66,33;65,92;66,33;66,75;65,44;4385222
65,04;65,9;65,04;66,18;64,96;4215807
63,46;64,77;63,46;64,79;63,32;4378413
62,33;63,2;62,33;63,54;62,15;4712111
63,07;62,35;63,07;63,16;61,91;4316347
62,27;63,24;62,27;63,28;62;3777155
64,11;62,4;64,11;64,42;62,2;4352241
63,45;64,2;63,45;65,05;63,11;4521527
62,92;62,57;62,92;63,71;61,14;9946304
63,32;63,32;63,32;63,45;62,4;4591180
67,28;63,2;67,28;67,4;63,1;9859435
66,74;67,03;66,74;67,76;65,48;7146631
66,96;66,44;66,96;67,4;66;4309926
67,59;67,05;67,59;68,96;66,65;6645484
67,24;67,73;67,24;68,08;66,73;4825059
68,01;67,51;68,01;69;66,96;6474251
69,43;68,09;69,43;69,8;67,95;7103505
68,91;69,13;68,91;70,46;68,75;5685845
70;69;70;70,12;68,52;4888303
70,31;69,88;70,31;71,57;69,84;6210360
70,56;72;70,56;72,1;70,2;5465414
69,18;70,92;69,18;70,95;68,7;5287478
67,53;69,65;67,53;69,84;67,28;6740303
68,57;68,3;68,57;68,8;67,14;4539356
69,91;67,97;69,91;70,17;67,66;4747149
69,16;69,03;69,16;69,65;68,43;4717700
70,86;69,5;70,86;71,24;69,04;6214069
69,85;70,2;69,85;71,93;69,73;4197687
68,75;69,69;68,75;70,39;68,1;3704836
66,63;67,59;66,63;68,89;66,6;4464147
66,79;65,04;66,79;67,24;64,7;5088438
69;67,8;69;69,2;67,13;6969239
63,05;68,66;63,05;69,72;62,92;10314573
62,08;63,99;62,08;64,2;58,95;12933721
63,15;63,23;63,15;63,62;61,25;6227822
64,73;63;64,73;64,84;62,5;4560231
64,46;64,17;64,46;65,23;63,7;3950743
66,81;64,9;66,81;66,82;64,48;5912917
67,1;66,5;67,1;68,62;66,33;5642637
66,95;66,89;66,95;68,17;66,3;4009435
66,66;67,21;66,66;67,94;66,63;3219649
69,23;67,11;69,23;69,49;66,95;6969808
70,41;69,57;70,41;71;69,42;5817387
71,48;70,7;71,48;71,8;70,47;4339985
70,2;71,25;70,2;72;70;4797419
68,61;70,51;68,61;71,05;68,44;6069658
66,19;69;66,19;69,73;66,01;6885601
67,02;65,4;67,02;67,04;64,59;5092829
66,67;66,48;66,67;67,55;65,86;3823769
65,64;66,75;65,64;67,27;65,41;4285744
66,46;65,09;66,46;66,5;64,35;5007297
65,82;66,57;65,82;66,66;65,25;3566244
65,43;64,82;65,43;65,7;64,47;5506764
69,1;65,72;69,1;69,44;65,3;8264035
68,37;68,98;68,37;69,02;67,25;5965805
65,33;67,35;65,33;67,96;64,79;7967370
65,12;65,88;65,12;66,57;64,22;6564801
64,27;65,19;64,27;65,48;63,81;6117279
62,71;63,3;62,71;64,15;61,93;7484294
62,11;62,97;62,11;63,25;61,75;4764293
63,31;62,05;63,31;64,49;62,04;5958411
61,82;62,78;61,82;63,76;61,64;4939771
60,31;62,25;60,31;62,32;60,09;6654899
60,84;61,47;60,84;61,52;58,27;8375175
55,84;60,8;55,84;60,85;55,44;13872029
51,56;52,92;51,56;53,74;50,42;21001437
53,23;51,3;53,23;54,19;49,64;15170749
50,5;51,25;50,5;52,07;48,92;16113968
53,51;53,96;53,51;54,67;50,9;18844384
57,39;50,56;57,39;57,67;50,4;19896746
61,14;57,87;61,14;61,25;57,64;19121101
59,86;60,2;59,86;61,86;59,1;13520286
57,93;60,07;57,93;61,9;57,84;10249805
60,94;59,79;60,94;61,42;58,74;11024259
60,19;60,15;60,19;61,8;59,93;7482945
58,82;60,46;58,82;60,79;58,74;7608769
60,07;60,72;60,07;60,79;59,2;7327223
58,24;59,8;58,24;59,93;57,8;6338488
58,24;59,8;58,24;59,93;57,8;148112
58,67;58,22;58,67;60,05;57,63;6557700
60,02;58,22;60,02;60,2;57,71;6090599
58,05;59,03;58,05;60;57,95;5627928
56,67;58,26;56,67;58,32;56,47;4893378
56,69;57;56,69;57,42;55,69;5685308
56,14;56,7;56,14;57,03;55,45;4013574
57,1;55,75;57,1;57,16;55,3;4356013
58,82;57,07;58,82;58,89;56,77;4364626
58,78;58,72;58,78;59,75;58,5;4228172
59,98;58,7;59,98;60,16;58,64;4625603
60,23;59,71;60,23;61,37;59,56;8970370
56,89;55,76;56,89;57,61;55,05;17352130
58,82;56,6;58,82;59,37;55,9;8569354
60,55;59,5;60,55;61,19;59,03;8678224
60,39;60,16;60,39;61,55;59,8;5930000
61,37;60,08;61,37;61,4;60,01;5727365
61;61,5;61;62,6;60,82;5651561
60,21;61,54;60,21;61,78;59,82;4679649
58,39;60,66;58,39;60,99;58,32;7286804
56,84;57;56,84;57,39;56,1;9519173
57,3;56,77;57,3;57,76;56,31;5674019
56,91;57,18;56,91;57,84;56,79;4420612
56,91;57,18;56,91;57,84;56,79;27062
56,9;56,27;56,9;58,3;56,26;9182571
55;57,55;55;57,6;54,68;8945756
55,81;55,55;55,81;55,98;54,8;5985053
55,57;55,68;55,57;56,22;54,98;4176708
55,77;55,53;55,77;55,93;55,12;3875082
56,75;55,7;56,75;57,3;55,23;5666640
58,34;56,66;58,34;59;56,32;7489686
58,34;56,66;58,34;59;56,32;119046
58,36;57,17;58,36;58,39;56,77;5424386
59,35;58,87;59,35;59,8;58,71;4797810
58,23;59,54;58,23;59,56;57,35;5995157
63,9;60,1;63,9;64,43;59,5;18767269
63,22;63,23;63,22;66;62,72;14345271
63,53;63,8;63,53;64,9;63,43;8205202
66,42;64,5;66,42;66,93;64,5;13183473
68,55;68,94;68,55;70,99;67,6;22347403
68,96;69,34;68,96;69,44;67,96;9469804
71,54;69,53;71,54;71,75;69,32;10981023
71,63;70,77;71,63;72,93;70,25;10848254
74,17;71,08;74,17;74,75;70,9;12073226
70,51;73,03;70,51;74;69,25;12761903
72,44;71,61;72,44;72,88;70,4;8383656
69,5;72,4;69,5;73,24;69,25;7967145
66,73;70,31;66,73;70,45;66,4;10266059
66,6;66,02;66,6;67,69;65,5;6931304
68,4;67,21;68,4;68,71;65,16;7452487
68,9;69;68,9;70,16;67,9;8333727
69,99;69,73;69,99;71,4;69,22;8398005
68,59;70,67;68,59;70,77;68,48;6492396
67,01;72,01;67,01;72,96;65,97;18759765
62,17;66,35;62,17;66,5;61,94;12282638
61,83;62,75;61,83;62,88;59,24;17476374
61,78;60,99;61,78;62,41;60,4;8865451
63,7;62,4;63,7;63,7;61,6;7596753
64,49;64,91;64,49;65,54;63,84;9471498
63,79;63,16;63,79;64,39;63,01;4884076
63,34;64,29;63,34;64,65;62,55;5721166
63,77;63,12;63,77;63,92;61,85;5875770
62,02;62,34;62,02;63,03;61,25;7818655
64,54;61,76;64,54;64,95;61,7;6996232
64,77;65;64,77;65,1;63,25;5624211
64,05;63,27;64,05;64,71;62,8;5915345
62,72;64,25;62,72;64,65;62,34;5166547
60,64;60,37;60,64;61,1;58,57;10992947
59,49;60,88;59,49;61,54;58,51;9590784
61,75;59,35;61,75;61,92;58,9;7094180
61,33;60,97;61,33;62,14;60,73;4630522
59,44;61,45;59,44;61,54;59,07;5703326
58,03;59,18;58,03;59,22;57,23;6814072
59,63;58,45;59,63;59,66;57,81;5076916
60,17;59,6;60,17;60,6;58,6;10129430
69,91;65,69;69,91;70;64,63;23214962
69,63;69,56;69,63;71;68,51;13656486
68,4;69,09;68,4;71;68,36;8564331
75,91;68,77;75,91;77,49;67,83;30875768
74,07;73,82;74,07;76,53;73,42;24571163
70,49;73,11;70,49;73,4;69,15;17183811
71,1;70,8;71,1;72;69,2;11552044
71,28;72,23;71,28;72,64;69,8;10463881
69,53;71,69;69,53;71,84;69,42;6986427
67,74;68,38;67,74;68,9;66,43;9101258
67,09;67,98;67,09;68,46;66,76;6064033
61,1;64,7;61,1;65,35;60,71;18958612
61,69;58,34;61,69;61,7;57,64;17402335
64,38;62,12;64,38;64,96;61,8;13172230
64,33;64,17;64,33;64,78;62,93;5945955
64,02;63,83;64,02;65,46;63,62;5147286
64,56;64,14;64,56;64,77;63,88;3602564
63,85;63,6;63,85;64,49;61,76;13079288
62,37;63,68;62,37;63,78;62,24;7649091
61;62,05;61;62,37;60,74;7447392
60,63;60,45;60,63;60,92;59,54;7216706
60,33;60,4;60,33;61,06;59,72;5375104
57,79;59,39;57,79;59,64;57,6;8350469
56,15;57,01;56,15;57,36;55,44;7720821
56,19;56,96;56,19;58,23;55,78;7480760
52,65;52,02;52,65;53,67;50,45;22491931
57,1;54,65;57,1;57,21;54,2;14283528
55,89;55,89;55,89;56,4;54,71;9169989
58,11;56,29;58,11;58,5;55,73;10015427
57,89;57,6;57,89;59;57,04;6340336
59,04;57,75;59,04;59,47;57,3;6765612
58,97;58,01;58,97;60,17;57,63;6887577
56,99;59,34;56,99;60,53;55,1;16547522
59,8;56,1;59,8;60;56,1;8294917
59,67;60,71;59,67;61,2;58,67;7349422
59,82;59,54;59,82;60,12;59,07;5050478
59,94;59,7;59,94;60,6;58,72;4842961
60,2;60;60,2;60,92;59,3;4481729
61,92;60,38;61,92;62,78;60,22;7843216
61,5;62,58;61,5;62,99;61,38;8509084
52,95;54,05;52,95;55,6;52,11;33649694
62,14;61,15;62,14;62,29;60,21;21777597
60,2;62,79;60,2;63,37;59,83;11743511
58,96;60,67;58,96;60,92;58,31;7994988
56,37;58,79;56,37;58,8;55,53;9814212
52,39;54,93;52,39;54,98;52;17944537
50,11;52,9;50,11;53,55;49,8;13472653
52,56;51,05;52,56;53,35;50,66;12060574
51,38;52,92;51,38;53,1;49,55;12815278
50,45;51,51;50,45;52,45;49,81;8167738
51,76;52,2;51,76;52,4;50,4;7201404
51,92;51,81;51,92;52,66;50,91;6199965
55,32;53,14;55,32;55,48;52,45;9526401
54,36;56,48;54,36;56,54;53,16;8655542
52,78;53,86;52,78;54,2;52,6;5421184
52;53,48;52;53,93;50,7;9375549
52,19;52,14;52,19;52,37;50,52;5600260
58,83;52,77;58,83;59,59;52,42;19027753
57,7;60,21;57,7;60,89;57,15;20058258
62,97;63,44;62,97;64,2;60,2;20840724
66,18;61,65;66,18;67,98;61,33;27425520
66,97;67,49;66,97;69,43;65,3;14486027
65,98;65,68;65,98;67,58;64,45;9126704
67,46;66,51;67,46;68,4;65,82;7624348
68,86;67,65;68,86;69,57;66,94;8000132
69,28;68,75;69,28;69,84;68,18;7807971
68,28;68,1;68,28;68,79;66,03;7831048
68,21;67,81;68,21;69,76;67,22;6762889
69,63;68,67;69,63;70,24;68,16;7374522
70,28;69,7;70,28;71,52;69,69;7090674
70,1;69,8;70,1;70,8;69,05;5098846
66,26;69,67;66,26;69,96;66,07;6941523
67,75;66,63;67,75;68,94;66,44;5448597
68,8;68,54;68,8;69,42;67,43;5040287
69,69;68,47;69,69;69,72;67,81;4625719
70,86;69,04;70,86;71,14;69,02;7206191
70,69;71,27;70,69;73,35;70,58;9708871
69,5;68,35;69,5;69,96;66,71;8004709
67,64;70,4;67,64;70,62;67,48;4686808
65,17;66,87;65,17;67,5;65,11;4202642
69,2;65;69,2;69,24;65;7992141
68,78;68,01;68,78;69,39;67,1;6358300
69,57;69,2;69,57;69,66;68,44;4127578
68,23;69,4;68,23;69,5;67,91;3080724
70,1;68,37;70,1;70,32;67,65;5628895
71,7;72;71,7;73,2;70,4;8306511
71,94;71,21;71,94;73,74;70,4;8461945
72,61;71,2;72,61;73,48;70,15;7842508
71,59;73,8;71,59;75,9;71,53;11511177
73,03;72;73,03;73,2;70,62;6613455
73,35;73,98;73,35;74,43;72,05;6308769
73,32;73,88;73,32;74,38;73,03;5027048
75,36;74,03;75,36;75,49;73,35;7365854
73,14;75;73,14;75,57;72,87;6337555
69,68;72,4;69,68;73,14;68,78;7674008
67,41;70,11;67,41;70,31;66,74;7099999
66,59;67,52;66,59;69,4;65,95;8274181
63,08;65,41;63,08;66,06;62,37;9071858
63,95;63,48;63,95;64,69;62,49;8016801
59,08;62,7;59,08;62,9;59,04;5559913
65,22;60;65,22;65,39;58,82;8163138
63,23;63,97;63,23;64,43;60,3;8575133
66,77;64,62;66,77;67,25;63,68;9938992
66,56;67,56;66,56;67,84;65,05;6302338
62,02;61,22;62,02;63,03;59,76;11658648
60,07;61,4;60,07;61,88;59,48;6965184
63,54;61,2;63,54;63,6;60,55;7394116
66,99;64,34;66,99;67,35;63,55;7551225
67,07;68,39;67,07;68,8;65,4;7008516
67,71;67,1;67,71;68,7;66,29;5432945
68,99;66,88;68,99;69,08;66,36;6056354
69,45;68,42;69,45;69,68;67,75;5039052
66,88;68,48;66,88;68,5;66,8;5247284
68,89;67;68,89;69,76;66,9;6056590
69,21;68,96;69,21;70,4;68,7;4691739
69,46;69,24;69,46;70,3;68,83;3676733
60,45;64,6;60,45;65,43;59,95;24150763
59,78;60,96;59,78;61,6;59,1;12066741
57,52;58,5;57,52;58,9;56,34;12529993
58,3;56,61;58,3;58,74;55,86;8012155
59,41;58,88;59,41;59,7;57,91;7258078
59,28;58,58;59,28;59,49;57,55;6423279
59,49;59,05;59,49;59,71;58,36;4621692
61,75;60,09;61,75;61,8;59,7;11250318
61,4;60,2;61,4;62,31;58,8;12569245
62,44;61,08;62,44;63,22;60,7;7283441
62,58;62,6;62,58;63,06;60,38;7352082
64,27;62,5;64,27;64,49;62,45;6742765
63,44;63,92;63,44;64,85;63,12;5038546
61,5;62,66;61,5;62,94;60,6;6520611
61,16;61,37;61,16;61,49;59,7;5844212
62,57;62,32;62,57;63,72;62,1;7129713
62,36;63,24;62,36;63,64;61,92;5517570
61,63;62,47;61,63;62,55;61,11;5141617
60,75;60,68;60,75;61,35;60,2;5200832
61,58;60,9;61,58;61,6;60,78;3904947
61,13;61,31;61,13;62,31;61,09;4168443
60,51;60,88;60,51;61,26;59,8;7142117
58,25;60,36;58,25;60,65;58,1;8909182
58,94;58,9;58,94;59,3;58,42;5740558
59,75;59,58;59,75;60,58;59,4;6626522
59,57;58,44;59,57;60,4;57,75;8582535
62,95;60,36;62,95;63,26;60,11;11183908
63,98;63,78;63,98;64;62,16;10520653
58,96;61,39;58,96;61,43;58,38;22911375
57,07;59,62;57,07;59,8;56,56;17096818
55,31;56,4;55,31;56,8;54,02;18764740
55,25;55,3;55,25;56,3;54,88;10335485
55,32;55,77;55,32;56,94;54,85;9442483
56,83;55,38;56,83;57,12;55,18;8819625
58,18;56,7;58,18;58,26;56,1;7392278
56,67;57,3;56,67;57,61;56,21;7504137
57,79;56,78;57,79;58,4;56,54;6844719
57,99;58,49;57,99;59,08;57,66;7103447
55,09;56,7;55,09;56,74;54,88;14785531
53,9;55,2;53,9;55,61;53,46;10280980
53,49;53,5;53,49;54,66;52,69;11800630
54,72;53,94;54,72;54,99;53,26;6908224
54,8;54,52;54,8;55,29;53,69;5947098
52,91;54,52;52,91;54,56;52,8;8745609
52,08;51,94;52,08;52,64;50,89;10215029
53,55;52,89;53,55;54,05;52,89;7350948
54,97;53,75;54,97;55,07;53,64;8779166
55,72;55,43;55,72;56,07;55,02;6774093
55,97;55,74;55,97;56,03;54,9;5991338
57,84;56,52;57,84;57,84;56,26;8110439
57,18;57,66;57,18;57,89;56,78;5478940
58,36;57,46;58,36;59,23;57,43;7929864
53,56;52,38;53,56;54,24;52,12;23720729
54,99;53,97;54,99;55,22;53,22;13038257
54,64;55,54;54,64;56,23;54,09;10410436
54,46;54,33;54,46;55;53,92;5904031
55,21;55,35;55,21;55,68;54,58;7061314
53,68;53,66;53,68;54,1;53,12;9835927
53,54;54,04;53,54;54,39;53,37;6745974
53,28;53,73;53,28;53,78;51,73;10038579
54,67;53,15;54,67;55;52,94;7272930
54,25;54,95;54,25;54,96;53,71;5126468
54,65;54,25;54,65;54,97;53,95;5876325
52,55;53,8;52,55;53,94;52,5;12147141
52,78;52,03;52,78;53,12;51,15;10943859
51,73;52,77;51,73;53,06;51,6;10727454
49,53;51;49,53;51,8;49,21;21849393
47,03;49,3;47,03;49,34;46,23;22360709
48,29;47,17;48,29;48,8;46,43;16714476
47,74;48,41;47,74;48,84;47,4;9464628
46,8;47,77;46,8;48;46,3;10704354
48,82;49,1;48,82;49,43;47,54;18159339
51,01;48,77;51,01;51,32;48,7;23706771
51,07;50;51,07;51,67;49,7;10833943
49,41;51,36;49,41;51,44;49,02;10131408
48,97;49,39;48,97;50,12;48,84;6176440
48,4;48,4;48,4;48,74;47,39;6711382
47,9;47,95;47,9;48,4;47,2;7008336
45,4;46,4;45,4;46,49;44,9;10834796
46,46;45,86;46,46;46,9;45,6;7252412
46,39;45,86;46,39;46,49;45,05;7295976
45,67;45,9;45,67;46,2;45,3;7483273
42,21;44,39;42,21;44,45;41,78;17786666
41,07;40,56;41,07;41,2;39,05;20526195
41,02;39,55;41,02;41,48;39,21;18003899
38,55;39,82;38,55;40,79;38,36;18685187
39,1;38,87;39,1;39,89;37,24;26547142
38,13;39,97;38,13;40;37,75;14136572
37,74;38,24;37,74;39;37,57;10312901
37,97;37,42;37,97;38,48;37,01;11968638
37,64;37,75;37,64;38,45;37,4;7926475
37,03;37,02;37,03;37,98;36,82;10406732
35,79;37,1;35,79;37,34;35,4;13064410
38,72;36,22;38,72;38,8;35,92;13807522
39,32;39,74;39,32;40,26;38,37;13510756
41,19;40,89;41,19;42,2;40,36;20242151
40,9;41;40,9;42,17;40,7;16003527
42,58;42,05;42,58;43,39;41,8;10585039
43,42;43,83;43,42;44,18;42,7;11653537
41,85;44,59;41,85;44,68;41,8;15197544
42,78;42,08;42,78;42,98;41,5;8168260
42,98;42,25;42,98;43,33;42,08;7433402
45,01;43,1;45,01;45,4;42,85;12316803
44,95;45,74;44,95;46,95;44,51;12715788
45,29;45,02;45,29;45,55;44,21;6575135
43,92;44,6;43,92;45,38;43,27;11863462
44,37;43,24;44,37;44,44;43,1;8202078
44,73;44,65;44,73;45,17;44,2;5750771
43,95;44,88;43,95;45,07;43,9;6182071
43,85;44,06;43,85;45,45;43,62;8507208
44,57;43,89;44,57;44,58;43,47;6339710
44,69;44,2;44,69;45,03;44,16;6851384
45,43;46,04;45,43;46,62;45,26;8237964
44,91;45,78;44,91;45,83;44,44;9259027
46,98;47,88;46,98;48,31;46,9;14201148
46,62;46,91;46,62;47,09;46,16;7065738
46,07;46,25;46,07;46,45;45,73;5880542
46,01;45,79;46,01;46,2;45,46;6190835
47,78;46,83;47,78;47,79;46,63;9145736
47,72;47,63;47,72;48,3;47,16;7514430
49,02;47,95;49,02;49,08;47,94;9200521
50,7;49,6;50,7;50,88;48,97;11000092
50,48;49,86;50,48;50,71;49,59;8148989
50,97;51,13;50,97;51,66;50,67;9764727
50,71;51,01;50,71;51,15;50,38;4764483
51,64;51,14;51,64;51,99;50,92;7048410
51,14;51,75;51,14;52,43;50,84;6846273
52,03;51,34;52,03;52,1;50,9;5023121
52,98;51,83;52,98;53,21;51,63;11072835
45,76;46,7;45,76;46,9;45,11;22418252
45,61;45,38;45,61;46,05;44,45;10027697
47,15;45,42;47,15;47,19;45,21;9273331
48,45;46,58;48,45;48,67;46,44;8109014
48,32;48,6;48,32;49,34;47,33;9178208
46,77;48,53;46,77;48,9;46,35;8259516
46,87;46,27;46,87;47,25;45,85;6136481
45,66;45,92;45,66;46,27;45,16;7028279
46,15;46,38;46,15;46,5;45,15;5564200
46,68;45,3;46,68;46,71;45,16;4776500
47,66;46,89;47,66;47,96;46,53;5274349
47;47,21;47;47,79;46,76;3898244
45,8;46,6;45,8;47,15;45,75;4663937
47;45,76;47;47,2;45,51;4868998
43,92;46,24;43,92;46,3;43,34;9562591
43,13;44,17;43,13;44,31;42,31;8231952
43,99;43,33;43,99;44,45;43,2;5207376
45,37;44,84;45,37;45,57;44,34;5311748
45,17;45,52;45,17;45,82;44,91;4170527
44,17;44,4;44,17;44,64;43,52;7799744
44,43;44,56;44,43;45,08;43,64;6564964
42,28;43,99;42,28;44,23;42,2;8559704
43;42,72;43;43;42,31;5054414
42,82;43,15;42,82;43,76;42,41;5420727
43,12;42,74;43,12;43,45;42,46;3238625
44,34;43,8;44,34;44,68;43,6;5183104
45,12;45,83;45,12;46,49;44,84;9327775
45;44,82;45;45,79;44,63;5360546
44,14;45,38;44,14;45,69;43,84;5768696
45,92;44,5;45,92;45,96;44,17;7403322
45,49;45,44;45,49;45,93;45,03;4189372
46,36;46;46,36;46,75;45,85;4802669
47,11;46,16;47,11;47,11;45,79;4883714
49,42;47,48;49,42;49,63;47,2;10042777
49,17;49,54;49,17;50,7;48,88;8581210
49,04;49,39;49,04;49,69;48,97;5313145
48,56;49,2;48,56;49,49;48,23;4728096
48,96;48,49;48,96;49,12;48,07;3946909
48,7;49;48,7;49,63;48,47;4228103
49,32;49,2;49,32;49,59;48,97;4883135
48,12;49,3;48,12;49,39;47,63;6506264
48,25;48;48,25;49,04;47,84;4391630
44,64;48,3;44,64;48,4;44,52;12941112
45,74;44,91;45,74;45,8;43,67;9444286
48,51;46,13;48,51;48,66;45,48;12078785
48,43;48,44;48,43;49,74;47,75;11123179
48,17;48,6;48,17;48,8;47,22;5946161
48,94;48,3;48,94;49,19;47,83;6196290
48,63;48,66;48,63;48,93;47,89;6256548
46,61;46,37;46,61;46,9;44,86;15137763
46,29;46,32;46,29;46,96;45,61;8021180
47,54;45,96;47,54;47,71;45,71;8086957
48,01;47,17;48,01;48,79;46,9;8702338
48,91;48,26;48,91;49,46;48,13;6935033
48,95;49,06;48,95;49,86;48,32;6313417
49,58;49,43;49,58;50,22;49,36;8488159
51,39;49,58;51,39;51,71;49,43;10226863
51,58;51,54;51,58;52;50,82;6479456
51,95;51,48;51,95;52,42;51,38;6704303
52,39;52,5;52,39;52,96;52,03;4779043
51,39;52,14;51,39;52,56;51,02;5753666
50,7;51,67;50,7;51,9;50,04;5108101
51,12;50,86;51,12;51,67;50,17;4625095
50,94;50,9;50,94;51,23;50,27;11216182
59,94;59,67;59,94;60,99;57,84;29819231
65,63;59,54;65,63;66;59,22;30006091
65,54;65,51;65,54;68,17;64,52;18870286
63,24;64;63,24;64,86;62,95;12684267
63;62,6;63;63,76;61,99;9641810
62,98;62,62;62,98;63,8;62,6;5066956
62,66;63,26;62,66;63,3;61,96;6383929
63,49;62,96;63,49;64,39;61,85;8787040
63,44;63,92;63,44;64,7;63,22;6943417
65,32;63,6;65,32;65,34;62,9;7940932
67,11;65,83;67,11;68,3;65,6;14467348
67,43;66,9;67,43;67,49;66,5;6074221
69,02;68,79;69,02;69,84;68,4;9993689
69,99;69,38;69,99;70,07;68,81;7359383
69,22;71;69,22;71,27;69,04;8467863
69,87;69,22;69,87;70,77;68,58;6471703
70,43;70,13;70,43;70,56;69,67;4812563
70;70,58;70;70,63;69,22;4408505
71,9;70,35;71,9;72;69,56;7736078
70,44;72;70,44;72,24;69,91;6733965
70,97;70,9;70,97;72,17;70,8;6110013
66,61;68,03;66,61;68,2;66;16870642
67,27;68,86;67,27;68,91;66,89;12345765
65,78;67,05;65,78;67,1;65,42;7956239
66,26;66,22;66,26;66,79;65,71;5563459
65,99;66,22;65,99;66,25;65,5;2465629
66,97;65,88;66,97;67,28;65,74;6081986
67,24;66,52;67,24;67,58;66,44;6613476
66,61;67,55;66,61;67,57;66,57;5536255
66,07;66,57;66,07;66,88;65,45;3736976
67,18;67;67,18;67,77;66,95;7618937
67,91;67,32;67,91;68,89;67,02;9040217
69,77;67,99;69,77;70,15;67,86;8839951
70,54;70,38;70,54;71,44;70,22;6919162
71,94;70,98;71,94;72,55;70,65;7776211
71,68;72,21;71,68;73,04;70,93;6574281
76,3;72,51;76,3;76,72;72,5;18220940
75,8;75,8;75,8;77,1;75,18;8503775
78,63;76,13;78,63;79,04;76,12;14136392
80,81;79,46;80,81;81,37;79,3;18120307
81,12;82,06;81,12;82,6;80,04;14785206
83,84;82,36;83,84;84,4;82;13332821
85,05;83,67;85,05;85,09;82,54;8054720
86,19;85,58;86,19;86,7;85,27;10648289
86,08;87;86,08;87,06;85,22;9956827
82,94;85,76;82,94;85,8;81,85;12601265
83,67;81;83,67;84,26;80,42;10292456
86,05;84,9;86,05;86,14;84,34;9558386
88,6;88,1;88,6;90,8;87,38;17794697
90,31;88,09;90,31;90,31;88;10157499
93,81;92,28;93,81;94,33;90,67;18209138
98,43;94,74;98,43;99,7;93,65;31199393
96,27;99,42;96,27;99,76;94,57;28463186
95,63;96,36;95,63;96,99;94,74;12976832
104,97;98,7;104,97;105,13;98,4;26634547
107,58;108,85;107,58;109,48;104,98;29061377
103,7;105,95;103,7;107,57;103,36;17368831
102,7;98,75;102,7;102,89;98,43;21736653
102,1;101,52;102,1;103,13;100,63;13629073
109,44;106,05;109,44;109,72;105,68;17803471
113,91;114,38;113,91;118,9;111,82;31369028
114,44;112,85;114,44;116,4;111,12;19651042
112,96;114,13;112,96;114,77;110,85;14353600
111,6;108,4;111,6;112,89;107,86;13608068
113,38;113,7;113,38;115,36;111,62;11788493
116,2;115,14;116,2;117,96;113,49;18216672
128,16;126,48;128,16;130,18;123,6;29005676
130,11;128;130,11;130,6;126,5;15719266
156;134,74;156;157,23;134,7;47233495
177,41;176,59;177,41;193,8;166,78;60938758
146,94;164,65;146,94;169,2;140,82;48423837
149,79;139,98;149,79;159,17;137,4;39880752
149,61;146,11;149,61;153,95;146;17063521
154,26;160;154,26;164;150,48;24689163
154,88;153,76;154,88;156,7;151,6;11697473
153,46;155,57;153,46;157,95;152,67;12022470
160,8;148,37;160,8;163,6;147;26289348
160,01;157,44;160,01;162,59;157,1;15693711
171,68;168,32;171,68;172;166,47;16698369
183,48;184,7;183,48;188,96;180,2;25422958
179,88;182,39;179,88;182,4;171,99;17634893
180,2;181,4;180,2;182,61;176,09;14339446
166,76;167,8;166,76;172,7;164,44;15192163
159,98;169,8;159,98;171,32;157,4;17290481
155,76;156,5;155,76;162,66;155,22;14153843
135,8;146;135,8;147,95;133,8;24277160
133,6;125,94;133,6;138,1;122,3;24564171
148,72;142,25;148,72;148,74;137,33;20194991
149,1;161;149,1;161,4;143,22;25784003
149,9;152,79;149,9;153,3;144,95;15048977
144,91;144,75;144,91;149,15;143,61;10852657
140,7;138;140,7;141,4;136,85;12662918
121,6;121,08;121,6;132,6;121;17073740
129,07;131,89;129,07;133,6;121,6;15594443
126,85;128,04;126,85;130,72;122,6;13413587
112,11;116,18;112,11;118,9;109,25;18909052
109,32;119;109,32;121,51;100,4;22640254
89,01;93,9;89,01;98,97;88,43;20489464
86,04;88;86,04;94,37;79,2;23994580
72,24;77,8;72,24;80,97;70,1;23786162
85,53;74,94;85,53;90,4;71,69;30195460
85,51;87,64;85,51;95,4;85,16;28285502
86,86;86,72;86,86;88,4;82,1;16454549
101;95,46;101;102,74;94,8;22895170
107,85;109,05;107,85;111,4;102,22;21222745
105,63;109,48;105,63;112;102,45;17422082
102,87;101;102,87;105,16;98,81;14377408
100,43;102,05;100,43;103,33;98,25;11998067
104,8;100,25;104,8;108,59;99,4;17771485
96,31;100,8;96,31;102,79;95,02;13353180
90,89;96,21;90,89;98,85;89,28;19858427
96;101,9;96;103,1;93,68;22562076
103,25;102,24;103,25;104,2;99,59;14901836
109,09;109;109,09;113;106,47;17919784
109,77;110,84;109,77;111,44;106,67;12656024
114,6;112,42;114,6;115,04;111,42;13650000
130,19;118,03;130,19;130,4;116,11;22475421
141,98;139,79;141,98;148,38;138,49;30576511
145,97;148,4;145,97;150,63;142;23577001
149,04;143,39;149,04;151,89;141,34;20657862
150,78;154,46;150,78;154,99;149,53;13128237
149,27;146,54;149,27;153,11;142,44;14746577
137,34;146,02;137,34;150,67;134,76;20209093
146,42;140,8;146,42;146,8;137,74;14224831
141,13;145,52;141,13;146,8;140,63;13236697
145,03;142,16;145,03;146,15;139,64;13237612
159,75;147,52;159,75;159,9;147;20681442
153,82;159,13;153,82;161;151,34;15221964
160,1;158,03;160,1;160,64;156,63;16215982
156,38;171,04;156,38;173,96;152,7;28471854
140,26;151;140,26;154,55;136,61;32531807
152,24;140,2;152,24;152,4;139,6;19237090
153,64;157,96;153,64;159,78;152,44;16991656
156,52;155,3;156,52;157,96;152,22;11123231
156,01;155,44;156,01;159,28;154,47;11527686
163,88;158,75;163,88;164,8;157,4;16130087
162,26;158,1;162,26;164,8;157;16519601
161,88;165,4;161,88;168,66;161,6;15906905
158,19;164,17;158,19;165,2;152,66;19065491
160,67;156;160,67;160,67;152,8;13682188
159,83;158,07;159,83;161,01;157,31;10518428
162,73;165,56;162,73;166,94;160,78;11698102
161,6;163,03;161,6;164,41;161,22;9636522
163,11;164,1;163,11;165,2;162,36;7309271
165,52;163,2;165,52;166,5;159,2;12254584
163,38;164,43;163,38;166,36;162,4;9987475
163,77;166,9;163,77;166,92;163,14;8089736
164,05;164,17;164,05;165,54;157;11549530
161,16;162,7;161,16;164,95;160,34;7275774
167;161,75;167;167;160,84;11812489
179,62;171,6;179,62;179,8;170,82;15085297
176,31;178,94;176,31;181,73;174,2;13565596
176,59;177,62;176,59;179,59;176,02;7949469
172,88;177,98;172,88;179,15;171,69;8887713
177,13;175,57;177,13;177,3;173,24;7811917
189,98;183,8;189,98;190;181,83;14174727
188,13;188;188,13;190,89;184,79;11388154
205,01;198,38;205,01;205,5;196,5;18563413
194,57;198,04;194,57;203,79;194,4;15916482
187,06;196;187,06;197,6;182,52;16763374
198,18;183,56;198,18;199,77;181,7;15697178
196,43;202,37;196,43;202,58;192,48;14051078
198,36;197,54;198,36;201;196,51;9890800
200,79;200,6;200,79;203,84;198,89;9751936
200,18;202,56;200,18;203,19;198,27;8679749
198,86;199,99;198,86;201,78;198;6362350
200,36;199,78;200,36;202,4;198,8;6365271
192,17;198,82;192,17;200,18;190,63;10959593
197,2;190,85;197,2;197,2;187,43;9254549
191,95;198,96;191,95;199;190,97;8854908
201,87;193,8;201,87;202;189,7;9026404
215,96;201,3;215,96;217,54;200,75;16918501
223,93;216,6;223,93;227,07;216,1;13326896
241,73;244,3;241,73;245,6;237,12;17250115
274,32;255,34;274,32;275,56;253,21;20569864
277,97;281;277,97;285,9;267,34;21489661
273,18;281;273,18;283,45;262,27;16311312
278,86;279,4;278,86;281,71;270,26;11717598
308,93;279,2;308,93;309,78;275,2;23337553
299,41;331,8;299,41;359;294,22;38985362
303,36;311,2;303,36;318;286,2;23418140
309,2;308,6;309,2;310;291,4;16367829
300,13;295,43;300,13;306,34;293,2;14300785
300,17;302,69;300,17;307,5;298;9329972
328,6;303,8;328,6;330;297,6;17121367
313,67;327,99;313,67;335;311,6;16157280
318,47;319,8;318,47;325,28;312,4;14161080
302,61;335,79;302,61;337,8;296,15;24328504
283,4;283,2;283,4;293;273,31;19396616
307,92;287;307,92;309,59;282,6;16048669
295,3;300,8;295,3;312,94;294,88;15808700
299,82;300,2;299,82;306,96;297,4;9426893
297,5;297,6;297,5;302,65;294,2;7621039
286,15;303;286,15;303,41;284,2;12246960
297;289,84;297;301,96;288,88;8809346
297,4;299;297,4;305,48;292,4;8414990
297;298,6;297;299,97;293,66;4978015
297,92;298,17;297,92;303,46;295,45;5992313
290,54;299,91;290,54;299,95;283;8896420
283,71;289,6;283,71;291,5;277,17;7522264
274,88;279,2;274,88;284;273;8625834
310,95;294;310,95;317;287;21898834
324,2;322,2;324,2;330,24;313,45;20425308
330,14;333;330,14;333,76;325,33;12577614
367,13;335,4;367,13;369,17;334,57;20242323
377,42;379,8;377,42;384,78;369,02;16474491
375,71;373;375,71;382,2;368,24;12205331
400,37;372,14;400,37;404,4;371,41;20611796
410;408,95;410;419,1;405,01;21489559
402,84;425,26;402,84;425,8;385,5;20063621
404,67;394,98;404,67;405,59;393,6;10658893
430,63;412;430,63;433,2;410,73;14239382
447,75;436,09;447,75;459,12;428,5;23693043
442,68;459,02;442,68;463,7;437,3;20081176
498,32;444,61;498,32;500,14;440,11;118374406
475,05;502,14;475,05;502,49;470,51;90119419
447,37;478,99;447,37;479,04;405,12;96176128
407;407,23;407;431,8;402;87596086
418,32;402,81;418,32;428;372,02;110321885
330,21;356;330,21;368,74;329,88;115465691
366,28;356,6;366,28;369;341,51;79465769
371,34;386,21;371,34;398,99;360,56;84930608
372,72;381,94;372,72;382,5;360,5;60717459
419,62;380,95;419,62;420;373,3;83020608
449,76;436,56;449,76;461,94;430,7;97298228
441,76;439,87;441,76;457,79;435,31;72546760
423,43;415,6;423,43;437,79;408;76779163
442,15;447,94;442,15;451;428,8;86406819
449,39;453,13;449,39;455,68;407,07;109476800
424,23;429,6;424,23;437,76;417,6;79580795
380,36;405,16;380,36;412,15;375,88;95074176
387,79;363,8;387,79;399,5;351,3;96561061
407,34;393,47;407,34;408,73;391,3;67208459
421,2;424,62;421,2;428,08;415,55;49719561
419,07;416;419,07;428,5;411,6;50341404
429,01;421,32;429,01;433,93;420,47;48145566
448,16;440,76;448,16;448,88;434,42;50741454
415,09;421,39;415,09;439,13;415;71430025
425,68;423,35;425,68;433,64;419,33;44722786
413,98;423,79;413,98;428,78;406,05;49146259
425,3;419,87;425,3;429,9;413,85;43127709
425,92;438,44;425,92;439;425,3;40421116
434;430,13;434;434,59;426,46;28925656
442,3;442;442,3;448,74;438,58;38791133
446,65;443,35;446,65;448,89;436,6;34463665
461,3;449,78;461,3;465,9;447,35;48045394
448,88;450,31;448,88;456,57;442,5;35672354
439,67;454,44;439,67;455,95;438,85;32775879
430,83;446,24;430,83;447;428,87;36287843
421,94;431,75;421,94;431,75;419,05;31656289
422,64;422,7;422,64;432,95;421,25;32370461
425,79;441,92;425,79;445,23;424,51;39993191
420,63;421,84;420,63;422,89;407,38;33716980
420,28;411,63;420,28;425,76;410;28239161
424,68;423,76;424,68;430,5;420,1;22686506
406,02;416,48;406,02;418,6;406;25451409
410,83;409,96;410,83;418,06;406,46;22655308
388,04;406,9;388,04;407,59;379,11;42587639
400,51;394;400,51;406,98;392,3;29021118
423,9;409,73;423,9;427,77;406,69;34351715
420,98;430,62;420,98;435,4;417,1;32143057
438,09;428,3;438,09;440;424;28414523
429,95;436,1;429,95;436,57;424,28;21706014
421,26;439,5;421,26;452,5;421;34833025
410,36;420,09;410,36;420,09;396,03;30284224
417,13;416,45;417,13;418,7;410,58;17357722
411,76;415,05;411,76;423;409,52;19940500
408,5;410,85;408,5;412,53;401,66;19830351
408,09;408,93;408,09;412,45;404,09;26838635
441,61;460,17;441,61;462;433,01;61188281
486,64;448,35;486,64;496;443,5;78044024
499,27;492;499,27;508,61;487,57;62475346
489,61;497,99;489,61;502,5;489,06;32911922
521,85;503,5;521,85;526;501,79;50260304
555,38;540,4;555,38;559,99;526,2;53648494
574;550,06;574;574;545,37;48930162
585,76;581,16;585,76;598,78;578,45;37561078
567,6;602,21;567,6;607,8;554,51;63003052
584,76;597,59;584,76;597,85;572,05;40382832
568,82;556,44;568,82;571,54;541,21;47775653
593,38;590,02;593,38;598,97;582,43;42552003
599,04;591,01;599,04;599,04;585,5;29401314
641,76;604,92;641,76;648,79;603,05;56309709
649,88;625,51;649,88;651,28;618,5;64265029
604,48;653,69;604,48;654,32;588;71291190
627,07;574,37;627,07;627,75;566,34;67083153
609,99;615,01;609,99;624;596,8;46474974
639,83;619;639,83;642,75;610,2;52040649
633,25;643,28;633,25;646,9;623,8;45223559
622,77;628,23;622,77;632,5;605;42095813
655,9;628,19;655,9;658,82;619,5;56270144
695;668,9;695;695;628,54;222126194
649,86;666,24;649,86;668,5;646,07;58045264
640,34;648;640,34;649,88;614,23;51861644
645,98;632,2;645,98;651,5;622,57;33172972
661,77;642,99;661,77;666,09;641;22865568
663,69;674,51;663,69;681,4;660,8;32278561
665,99;661;665,99;669,9;655;22910811
694,78;672;694,78;696,6;668,36;42846021
705,67;699,99;705,67;718,72;691,12;49649928
729,77;719,46;729,77;744,49;717,19;48638189
735,11;723,66;735,11;740,84;719,2;32245165
755,98;758,49;755,98;774;749,1;44699965
816,04;777,63;816,04;816,99;775,2;51498948
880,02;856;880,02;884,49;838,39;75055528
811,19;849,4;811,19;854,43;803,62;59554146
849,44;831;849,44;868;827,34;46270720
854,41;852,76;854,41;860,47;832;33312496
845;843,39;845;863;838,75;31266327
826,16;852;826,16;859,9;819,1;38777596
844,55;837,8;844,55;850;833;25366980
850,45;858,74;850,45;859,5;837,28;25665883
844,99;855;844,99;855,72;841,42;20598133
846,64;834,31;846,64;848;828,62;20066497
880,8;855;880,8;900,4;838,82;41173397
883,09;891,38;883,09;895,9;871,6;23131603
864,16;870,35;864,16;891,5;858,66;27333955
835,43;820;835,43;848;801;26378048
793,53;830;793,53;842,41;780,1;34990754
839,81;814,29;839,81;842;795,56;25391385
872,79;844,68;872,79;880,5;842,2;24346213
854,69;877,02;854,69;878,08;853,06;18343510
849,99;855;849,99;856,5;833,42;15812661
852,23;845;852,23;864,77;838,97;18566637
863,42;869,67;863,42;877,77;854,75;20161719
849,46;855,12;849,46;859,8;841,75;15157651
804,82;843,64;804,82;844,82;800,02;36216090
811,66;812,44;811,66;829,88;801,73;21622753
816,12;801,26;816,12;817,33;785,33;23768313
796,22;818;796,22;821;792,44;19802324
798,15;779,09;798,15;799,84;762,01;26078898
787,38;780,9;787,38;794,69;776,27;17957058
781,3;795;781,3;796,79;777,37;18958255
714,5;762,64;714,5;768,5;710,2;37269716
698,84;662,13;698,84;713,61;619;66606882
742,02;711,85;742,02;745;694,17;36766950
682,22;726,15;682,22;737,21;670,58;39023855
675,5;700;675,5;706,7;659,51;41089173
718,43;690,11;718,43;872;685,05;27136239
686,44;718,28;686,44;721,11;685;23732158
653,2;687,99;653,2;700,7;651,71;30207960
621,44;655,8;621,44;873,94;600;65919530
597,95;626,06;597,95;627,84;539,49;89396459
563;600,55;563;620,13;558,79;51786958
673,58;608,18;673,58;678,09;595,21;67523328
668,06;700,3;668,06;717,85;655,06;60605672
699,6;699,4;699,6;702,5;677,18;36253892
693,73;670;693,73;694,88;666,14;33583840
707,94;694,09;707,94;713,18;684,04;29423479
676,88;703,35;676,88;707,92;671;32195672
701,81;656,87;701,81;703,73;651,01;40372453
653,16;684,29;653,16;689,23;652;33369022
654,87;646,6;654,87;657,23;624,62;42893978
670;684,59;670;699,62;668,75;39512221
662,16;675,77;662,16;677,8;657,51;30491870
630,27;667,91;630,27;668,02;630,11;33795174
640,39;613;640,39;645,5;609,5;39224850
618,71;641,87;618,71;643,82;599,89;33852827
611,29;615,64;611,29;616,48;596,02;28636985
635,62;601,75;635,62;637,66;591,01;39432359
667,93;646,62;667,93;672;641,11;33337288
661,75;688,37;661,75;692,42;659,42;35298378
691,05;707,71;691,05;708,16;684,7;41842767
691,62;690,3;691,62;696,55;681,37;28271839
670,97;687;670,97;691,38;667,84;26309433
683,8;677,38;683,8;689,55;671,65;23924329
677,02;677,77;677,02;680,97;669,43;21437087
701,98;685,7;701,98;704,8;682,09;29135670
762,32;712,7;762,32;763;710,66;44652808
732,23;770,7;732,23;780,79;728,03;49017434
738,85;743,1;738,85;743,69;721,31;27848900
739,78;728,65;739,78;749,41;724,6;27979526
714,63;719,6;714,63;725,4;691,8;39686226
718,99;717,42;718,99;737,25;710,69;35609038
744,12;704,77;744,12;744,84;698;31215514
719,69;741,5;719,69;753,77;718,04;35590255
729,4;719,8;729,4;737,36;715,46;28413889
738,2;741;738,2;749,3;732,61;31038502
704,74;717,96;704,74;724;703,35;29436995
694,4;696,41;694,4;708,5;693,6;22271047
677;699,51;677;702,25;668,5;28845449
709,44;667,59;709,44;715,47;666,14;40758722
684,9;703,8;684,9;706;680,5;27043143
673,6;678,94;673,6;683,45;657,7;29739319
670,94;681,06;670,94;685,3;667,34;21901894
663,54;680,76;663,54;681,02;650;27784619
672,37;665,8;672,37;690;660,22;23469172
629,04;664,9;629,04;665,05;627,61;31392417
617,2;599,24;617,2;627,1;595,6;46503896
589,89;602,49;589,89;620,41;586,77;33823646
571,69;601,54;571,69;606,46;559,65;44184916
589,74;583,41;589,74;592,87;570,46;33370856
576,83;575,55;576,83;589,73;561,2;32390360
577,87;568;577,87;596,25;563,38;36830567
563,46;552,55;563,46;566,21;546,98;39578395
586,78;575;586,78;588,85;571,07;30821119
580,88;596,11;580,88;596,68;580;26030595
606,44;581,6;606,44;614,48;573,65;34558089
604,69;607,31;604,69;613,99;595,71;28005933
619,13;607,56;619,13;626,17;601,5;28639305
630,85;620,24;630,85;631,13;616,21;26370593
625,22;628,5;625,22;635,59;622,38;22737038
